,adm,date,value
0,Abra,2013-01-01,0.0
1,Abra,2013-02-01,0.0
2,Abra,2013-03-01,0.0
3,Abra,2013-04-01,0.0
4,Abra,2013-05-01,0.0
5,Abra,2013-06-01,0.0
6,Abra,2013-07-01,0.0
7,Abra,2013-08-01,0.0
8,Abra,2013-09-01,0.0
9,Abra,2013-10-01,0.0
10,Abra,2013-11-01,0.0
11,Abra,2013-12-01,0.0
12,Abra,2014-01-01,16.67
13,Abra,2014-02-01,35.0
14,Abra,2014-03-01,5.0
15,Abra,2014-04-01,0.0
16,Abra,2014-05-01,0.0
17,Abra,2014-06-01,50.0
18,Abra,2014-07-01,6.25
19,Abra,2014-08-01,43.591249999999995
20,Abra,2014-09-01,72.11538461538461
21,Abra,2014-10-01,59.35058823529412
22,Abra,2014-11-01,56.626999999999995
23,Abra,2014-12-01,45.916666666666664
24,Abra,2015-01-01,55.50666666666667
25,Abra,2015-02-01,52.6
26,Abra,2015-03-01,49.564
27,Abra,2015-04-01,0.0
28,Abra,2015-05-01,0.0
29,Abra,2015-06-01,50.76714285714286
30,Abra,2015-07-01,70.03538461538461
31,Abra,2015-08-01,66.56923076923078
32,Abra,2015-09-01,57.620000000000005
33,Abra,2015-10-01,39.15529411764706
34,Abra,2015-11-01,43.503750000000004
35,Abra,2015-12-01,47.537499999999994
36,Abra,2016-01-01,39.105714285714285
37,Abra,2016-02-01,69.08846153846153
38,Abra,2016-03-01,42.95636363636363
39,Albay,2012-07-01,22.4
40,Albay,2013-01-01,0.0
41,Albay,2013-02-01,0.0
42,Albay,2013-03-01,0.0
43,Albay,2013-04-01,0.0
44,Albay,2013-05-01,0.0
45,Albay,2013-06-01,40.0
46,Albay,2013-07-01,0.0
47,Albay,2013-08-01,0.0
48,Albay,2013-09-01,0.0
49,Albay,2013-10-01,22.514999999999997
50,Albay,2013-11-01,44.948
51,Albay,2013-12-01,48.77333333333334
52,Albay,2014-01-01,37.76923076923077
53,Albay,2014-02-01,42.6235294117647
54,Albay,2014-03-01,39.404999999999994
55,Albay,2014-04-01,0.0
56,Albay,2014-05-01,0.0
57,Albay,2014-06-01,31.994999999999997
58,Albay,2014-07-01,37.187407407407406
59,Albay,2014-08-01,33.45444444444445
60,Albay,2014-09-01,39.410000000000025
61,Albay,2014-10-01,39.87166666666667
62,Albay,2014-11-01,42.153777777777776
63,Albay,2014-12-01,50.81347826086956
64,Albay,2015-01-01,38.231842105263155
65,Albay,2015-02-01,40.46630434782608
66,Albay,2015-03-01,41.13636363636363
67,Albay,2015-04-01,19.360000000000003
68,Albay,2015-05-01,18.623333333333335
69,Albay,2015-06-01,0.0
70,Albay,2015-07-01,41.3
71,Albay,2015-08-01,35.565000000000005
72,Albay,2015-09-01,38.34215686274509
73,Albay,2015-10-01,41.60071428571428
74,Albay,2015-11-01,39.141999999999996
75,Albay,2015-12-01,44.242926829268285
76,Albay,2016-01-01,40.27258620689655
77,Albay,2016-02-01,44.033866666666675
78,Albay,2016-03-01,44.08878048780489
79,Albay,2016-06-01,18.581666666666667
80,Albay,2016-07-01,34.81470588235294
81,Albay,2016-08-01,43.26852941176472
82,Albay,2016-09-01,42.02959183673469
83,Albay,2016-10-01,41.334827586206885
84,Albay,2016-11-01,35.05825
85,Albay,2016-12-01,26.80111111111111
86,Albay,2017-01-01,28.653235294117643
87,Albay,2017-02-01,28.23880952380952
88,Albay,2017-03-01,29.980833333333326
89,Albay,2017-04-01,7.89
90,Albay,2017-06-01,16.215454545454545
91,Albay,2017-07-01,28.448000000000008
92,Albay,2017-08-01,31.19965517241379
93,Albay,2017-09-01,31.194615384615386
94,Albay,2017-10-01,24.35071428571428
95,Albay,2017-11-01,23.155555555555555
96,Albay,2017-12-01,22.1
97,Albay,2018-01-01,29.60904761904762
98,Albay,2018-02-01,25.38090909090909
99,Albay,2018-06-01,26.4375
100,Albay,2018-07-01,24.93952380952381
101,Albay,2018-08-01,27.111842105263158
102,Albay,2018-09-01,27.74275
103,Albay,2018-10-01,24.377272727272725
104,Albay,2019-07-01,33.0
105,Apayao,2013-01-01,0.0
106,Apayao,2013-02-01,0.0
107,Apayao,2013-03-01,0.0
108,Apayao,2013-04-01,0.0
109,Apayao,2013-05-01,0.0
110,Apayao,2013-06-01,0.0
111,Apayao,2013-07-01,0.0
112,Apayao,2013-08-01,0.0
113,Apayao,2013-09-01,0.0
114,Apayao,2013-10-01,0.0
115,Apayao,2013-11-01,0.0
116,Apayao,2013-12-01,0.0
117,Apayao,2014-01-01,0.0
118,Apayao,2014-02-01,0.0
119,Apayao,2014-03-01,0.0
120,Apayao,2014-04-01,0.0
121,Apayao,2014-05-01,0.0
122,Apayao,2014-06-01,0.0
123,Apayao,2014-07-01,0.0
124,Apayao,2014-08-01,0.0
125,Apayao,2014-09-01,0.0
126,Apayao,2014-10-01,23.333333333333332
127,Apayao,2014-11-01,65.28
128,Apayao,2014-12-01,56.25
129,Apayao,2015-01-01,78.33333333333333
130,Apayao,2015-02-01,34.25
131,Apayao,2015-03-01,58.0
132,Apayao,2015-04-01,31.5
133,Apayao,2015-05-01,50.0
134,Apayao,2015-06-01,20.0
135,Apayao,2015-07-01,10.0
136,Apayao,2015-08-01,41.875
137,Apayao,2015-09-01,33.848
138,Apayao,2015-10-01,22.36
139,Apayao,2015-11-01,22.02333333333333
140,Apayao,2015-12-01,27.775
141,Apayao,2016-01-01,32.14333333333334
142,Apayao,2016-02-01,27.43
143,Apayao,2016-03-01,27.3
144,Aurora,2013-01-01,0.0
145,Aurora,2013-02-01,0.0
146,Aurora,2013-03-01,0.0
147,Aurora,2013-04-01,0.0
148,Aurora,2013-05-01,0.0
149,Aurora,2013-06-01,0.0
150,Aurora,2013-07-01,0.0
151,Aurora,2013-08-01,0.0
152,Aurora,2013-09-01,0.0
153,Aurora,2013-10-01,31.113333333333333
154,Aurora,2013-11-01,30.0
155,Aurora,2013-12-01,23.89
156,Aurora,2014-01-01,24.064999999999998
157,Aurora,2014-02-01,45.7125
158,Aurora,2014-03-01,71.78
159,Aurora,2014-04-01,0.0
160,Aurora,2014-05-01,0.0
161,Aurora,2014-06-01,25.55
162,Aurora,2014-07-01,43.29692307692308
163,Aurora,2014-08-01,29.285625
164,Aurora,2014-09-01,35.09058823529411
165,Aurora,2014-10-01,32.270625
166,Aurora,2014-11-01,26.365999999999996
167,Aurora,2014-12-01,7.41
168,Aurora,2015-01-01,38.91285714285714
169,Aurora,2015-02-01,38.857142857142854
170,Aurora,2015-03-01,45.833333333333336
171,Aurora,2015-04-01,78.0
172,Aurora,2015-05-01,76.5
173,Aurora,2015-06-01,52.79888888888888
174,Aurora,2015-07-01,38.28941176470588
175,Aurora,2015-08-01,42.75125
176,Aurora,2015-09-01,39.068124999999995
177,Aurora,2015-10-01,41.38818181818181
178,Aurora,2015-11-01,34.91818181818182
179,Aurora,2015-12-01,30.379999999999995
180,Aurora,2016-01-01,27.37222222222222
181,Aurora,2016-02-01,29.853999999999996
182,Aurora,2016-03-01,30.815714285714282
183,Bataan,2012-10-01,38.0
184,Bataan,2013-01-01,14.5
185,Bataan,2013-02-01,0.0
186,Bataan,2013-03-01,0.0
187,Bataan,2013-04-01,0.0
188,Bataan,2013-05-01,0.0
189,Bataan,2013-06-01,0.0
190,Bataan,2013-07-01,0.0
191,Bataan,2013-08-01,0.0
192,Bataan,2013-09-01,0.0
193,Bataan,2013-10-01,0.0
194,Bataan,2013-11-01,100.0
195,Bataan,2013-12-01,100.0
196,Bataan,2014-01-01,100.0
197,Bataan,2014-02-01,85.43749999999999
198,Bataan,2014-03-01,78.57
199,Bataan,2014-04-01,0.0
200,Bataan,2014-05-01,0.0
201,Bataan,2014-06-01,10.0
202,Bataan,2014-07-01,47.488749999999996
203,Bataan,2014-08-01,41.84047619047618
204,Bataan,2014-09-01,39.13137931034483
205,Bataan,2014-10-01,25.887586206896547
206,Bataan,2014-11-01,26.378
207,Bataan,2014-12-01,25.57888888888889
208,Bataan,2015-01-01,36.0
209,Bataan,2015-02-01,39.266666666666666
210,Bataan,2015-03-01,31.5
211,Bataan,2015-04-01,18.0
212,Bataan,2015-05-01,18.0
213,Bataan,2015-06-01,41.11899999999999
214,Bataan,2015-07-01,45.38548387096774
215,Bataan,2015-08-01,46.901935483870965
216,Bataan,2015-09-01,36.28457142857143
217,Bataan,2015-10-01,36.9512
218,Bataan,2015-11-01,32.436800000000005
219,Bataan,2015-12-01,27.6795
220,Bataan,2016-01-01,31.84571428571428
221,Bataan,2016-02-01,27.807931034482753
222,Bataan,2016-03-01,23.21533333333333
223,Bataan,2016-04-01,15.0
224,Bataan,2016-05-01,16.5
225,Batangas,2013-01-01,0.0
226,Batangas,2013-02-01,0.0
227,Batangas,2013-03-01,0.0
228,Batangas,2013-04-01,0.0
229,Batangas,2013-05-01,0.0
230,Batangas,2013-06-01,0.0
231,Batangas,2013-07-01,0.0
232,Batangas,2013-08-01,0.0
233,Batangas,2013-09-01,5.056666666666667
234,Batangas,2013-10-01,27.8834375
235,Batangas,2013-11-01,42.571250000000006
236,Batangas,2013-12-01,28.05666666666667
237,Batangas,2014-01-01,32.18272727272728
238,Batangas,2014-02-01,32.72181818181818
239,Batangas,2014-03-01,27.468
240,Batangas,2014-04-01,0.0
241,Batangas,2014-05-01,0.0
242,Batangas,2014-06-01,18.44333333333333
243,Batangas,2014-07-01,7.3
244,Batangas,2014-08-01,17.05115384615385
245,Batangas,2014-09-01,30.346481481481486
246,Batangas,2014-10-01,27.30886363636364
247,Batangas,2014-11-01,26.58973684210526
248,Batangas,2014-12-01,32.53642857142857
249,Batangas,2015-01-01,26.442941176470587
250,Batangas,2015-02-01,29.7
251,Batangas,2015-03-01,23.125
252,Batangas,2015-04-01,0.0
253,Batangas,2015-05-01,0.0
254,Batangas,2015-06-01,25.76142857142857
255,Batangas,2015-07-01,33.0673469387755
256,Batangas,2015-08-01,41.01
257,Batangas,2015-09-01,40.18634615384615
258,Batangas,2015-10-01,38.25046511627907
259,Batangas,2015-11-01,40.29441176470589
260,Batangas,2015-12-01,34.265
261,Batangas,2016-01-01,35.675
262,Batangas,2016-02-01,33.693478260869576
263,Batangas,2016-03-01,31.170400000000004
264,Batangas,2016-06-01,28.3
265,Batangas,2016-07-01,55.754999999999995
266,Batangas,2016-08-01,61.37833333333333
267,Batangas,2016-09-01,62.18
268,Batangas,2016-10-01,56.595
269,Batangas,2016-11-01,51.6
270,Benguet,2013-01-01,0.0
271,Benguet,2013-02-01,0.0
272,Benguet,2013-03-01,0.0
273,Benguet,2013-04-01,0.0
274,Benguet,2013-05-01,0.0
275,Benguet,2013-06-01,0.0
276,Benguet,2013-07-01,0.0
277,Benguet,2013-08-01,0.0
278,Benguet,2013-09-01,0.0
279,Benguet,2013-10-01,0.0
280,Benguet,2013-11-01,0.0
281,Benguet,2013-12-01,0.0
282,Benguet,2014-01-01,0.0
283,Benguet,2014-02-01,0.0
284,Benguet,2014-03-01,14.575999999999999
285,Benguet,2014-04-01,78.858
286,Benguet,2014-05-01,100.0
287,Benguet,2014-06-01,38.19500000000001
288,Benguet,2014-07-01,57.40833333333334
289,Benguet,2014-08-01,34.53428571428571
290,Benguet,2014-09-01,39.73222222222222
291,Benguet,2014-10-01,28.97666666666667
292,Benguet,2014-11-01,21.622
293,Benguet,2014-12-01,0.0
294,Benguet,2015-01-01,25.666666666666668
295,Benguet,2015-02-01,22.0
296,Benguet,2015-03-01,16.333333333333332
297,Benguet,2015-04-01,15.75
298,Benguet,2015-05-01,33.0
299,Benguet,2015-06-01,9.72
300,Benguet,2015-07-01,21.874
301,Benguet,2015-08-01,16.574444444444442
302,Benguet,2015-09-01,19.44375
303,Benguet,2015-10-01,27.53
304,Benguet,2015-11-01,5.555
305,Benguet,2015-12-01,0.0
306,Benguet,2016-01-01,14.814444444444442
307,Benguet,2016-02-01,8.024444444444445
308,Benguet,2016-03-01,9.26
309,Benguet,2016-04-01,17.593333333333334
310,Benguet,2016-07-01,18.025
311,Bohol,2013-01-01,0.0
312,Bohol,2013-02-01,0.0
313,Bohol,2013-03-01,0.0
314,Bohol,2013-04-01,0.0
315,Bohol,2013-05-01,0.0
316,Bohol,2013-06-01,0.0
317,Bohol,2013-07-01,37.5
318,Bohol,2013-08-01,29.363333333333333
319,Bohol,2013-09-01,35.595
320,Bohol,2013-10-01,20.0
321,Bohol,2013-11-01,18.75
322,Bohol,2013-12-01,23.75
323,Bohol,2014-01-01,34.906
324,Bohol,2014-02-01,57.781666666666666
325,Bohol,2014-03-01,90.625
326,Bohol,2014-04-01,100.0
327,Bohol,2014-05-01,0.0
328,Bohol,2014-06-01,51.586666666666666
329,Bohol,2014-07-01,56.44125
330,Bohol,2014-08-01,71.67888888888889
331,Bohol,2014-09-01,66.45285714285714
332,Bohol,2014-10-01,66.22888888888889
333,Bohol,2014-11-01,51.347500000000004
334,Bohol,2014-12-01,56.28
335,Bohol,2015-01-01,69.66666666666667
336,Bohol,2015-02-01,52.285714285714285
337,Bohol,2015-03-01,65.0
338,Bohol,2015-04-01,0.0
339,Bohol,2015-05-01,0.0
340,Bohol,2015-06-01,35.1175
341,Bohol,2015-07-01,56.63833333333334
342,Bohol,2015-08-01,61.567499999999995
343,Bohol,2015-09-01,74.19636363636363
344,Bohol,2015-10-01,59.364999999999995
345,Bohol,2015-11-01,60.50666666666666
346,Bohol,2015-12-01,31.154000000000003
347,Bohol,2016-01-01,52.94857142857143
348,Bohol,2016-02-01,65.67454545454547
349,Bohol,2016-03-01,87.18666666666667
350,Bukidnon,2013-01-01,0.0
351,Bukidnon,2013-02-01,0.0
352,Bukidnon,2013-03-01,0.0
353,Bukidnon,2013-04-01,0.0
354,Bukidnon,2013-05-01,0.0
355,Bukidnon,2013-06-01,0.0
356,Bukidnon,2013-07-01,0.0
357,Bukidnon,2013-08-01,0.0
358,Bukidnon,2013-09-01,0.0
359,Bukidnon,2013-10-01,0.0
360,Bukidnon,2013-11-01,0.0
361,Bukidnon,2013-12-01,0.0
362,Bukidnon,2014-01-01,0.0
363,Bukidnon,2014-02-01,0.0
364,Bukidnon,2014-03-01,0.0
365,Bukidnon,2014-04-01,0.0
366,Bukidnon,2014-05-01,0.0
367,Bukidnon,2014-06-01,0.0
368,Bukidnon,2014-07-01,0.0
369,Bukidnon,2014-08-01,37.370000000000005
370,Bukidnon,2014-09-01,33.836666666666666
371,Bukidnon,2014-10-01,56.44
372,Bukidnon,2014-11-01,100.0
373,Bukidnon,2014-12-01,100.0
374,Bukidnon,2015-01-01,0.0
375,Bukidnon,2015-02-01,0.0
376,Bukidnon,2015-03-01,46.0
377,Bukidnon,2015-04-01,0.0
378,Bukidnon,2015-05-01,0.0
379,Bukidnon,2015-06-01,0.0
380,Bukidnon,2015-07-01,60.0
381,Bukidnon,2015-08-01,60.205
382,Bukidnon,2015-09-01,52.331999999999994
383,Bukidnon,2015-10-01,43.957499999999996
384,Bukidnon,2015-11-01,39.582499999999996
385,Bukidnon,2015-12-01,44.11333333333334
386,Bukidnon,2016-01-01,38.7325
387,Bukidnon,2016-02-01,33.9225
388,Bukidnon,2016-03-01,18.046
389,Bukidnon,2016-06-01,33.332499999999996
390,Bukidnon,2016-07-01,38.28
391,Bukidnon,2016-08-01,35.834
392,Bukidnon,2016-09-01,30.21
393,Bukidnon,2016-11-01,58.39
394,Bukidnon,2017-01-01,37.223333333333336
395,Bukidnon,2017-02-01,36.457499999999996
396,Bukidnon,2017-03-01,32.83200000000001
397,Bulacan,2012-06-01,15.665
398,Bulacan,2012-07-01,16.37
399,Bulacan,2012-09-01,47.0
400,Bulacan,2012-10-01,35.0
401,Bulacan,2012-11-01,14.0
402,Bulacan,2012-12-01,32.285
403,Bulacan,2013-01-01,0.0
404,Bulacan,2013-02-01,18.5
405,Bulacan,2013-03-01,19.333333333333332
406,Bulacan,2013-04-01,0.0
407,Bulacan,2013-05-01,0.0
408,Bulacan,2013-06-01,19.38
409,Bulacan,2013-07-01,17.39923076923077
410,Bulacan,2013-08-01,21.955555555555556
411,Bulacan,2013-09-01,20.23
412,Bulacan,2013-10-01,26.477391304347826
413,Bulacan,2013-11-01,31.364761904761902
414,Bulacan,2013-12-01,16.903333333333336
415,Bulacan,2014-01-01,5.455238095238095
416,Bulacan,2014-02-01,8.663999999999998
417,Bulacan,2014-03-01,1.6061111111111108
418,Bulacan,2014-04-01,0.0
419,Bulacan,2014-05-01,0.0
420,Bulacan,2014-06-01,11.567567567567568
421,Bulacan,2014-07-01,37.806724137931035
422,Bulacan,2014-08-01,36.805428571428564
423,Bulacan,2014-09-01,37.50379746835441
424,Bulacan,2014-10-01,25.166621621621626
425,Bulacan,2014-11-01,19.40018518518519
426,Bulacan,2014-12-01,12.740526315789474
427,Bulacan,2015-01-01,20.754761904761907
428,Bulacan,2015-02-01,19.571428571428573
429,Bulacan,2015-03-01,24.047619047619047
430,Bulacan,2015-04-01,30.25
431,Bulacan,2015-05-01,37.0
432,Bulacan,2015-06-01,21.2955
433,Bulacan,2015-07-01,38.422916666666666
434,Bulacan,2015-08-01,35.35371428571428
435,Bulacan,2015-09-01,39.42444444444445
436,Bulacan,2015-10-01,34.31855072463768
437,Bulacan,2015-11-01,25.59983606557377
438,Bulacan,2015-12-01,21.583333333333325
439,Bulacan,2016-01-01,20.07230769230769
440,Bulacan,2016-02-01,26.401739130434795
441,Bulacan,2016-03-01,27.580000000000002
442,Camarines Norte,2013-01-01,0.0
443,Camarines Norte,2013-02-01,0.0
444,Camarines Norte,2013-03-01,0.0
445,Camarines Norte,2013-04-01,0.0
446,Camarines Norte,2013-05-01,0.0
447,Camarines Norte,2013-06-01,0.0
448,Camarines Norte,2013-07-01,0.0
449,Camarines Norte,2013-08-01,0.0
450,Camarines Norte,2013-09-01,0.0
451,Camarines Norte,2013-10-01,37.14
452,Camarines Norte,2013-11-01,22.73
453,Camarines Norte,2013-12-01,50.0
454,Camarines Norte,2014-01-01,55.050000000000004
455,Camarines Norte,2014-02-01,54.167500000000004
456,Camarines Norte,2014-03-01,50.60600000000001
457,Camarines Norte,2014-04-01,0.0
458,Camarines Norte,2014-05-01,0.0
459,Camarines Norte,2014-06-01,42.86
460,Camarines Norte,2014-07-01,41.452
461,Camarines Norte,2014-08-01,52.75727272727272
462,Camarines Norte,2014-09-01,59.26181818181818
463,Camarines Norte,2014-10-01,55.6311111111111
464,Camarines Norte,2014-11-01,52.485
465,Camarines Norte,2014-12-01,57.153636363636366
466,Camarines Norte,2015-01-01,51.03416666666667
467,Camarines Norte,2015-02-01,48.988749999999996
468,Camarines Norte,2015-03-01,57.333333333333336
469,Camarines Norte,2015-04-01,18.316
470,Camarines Norte,2015-05-01,28.736666666666668
471,Camarines Norte,2015-06-01,0.0
472,Camarines Norte,2015-07-01,42.86
473,Camarines Norte,2015-08-01,46.200909090909086
474,Camarines Norte,2015-09-01,62.38437500000001
475,Camarines Norte,2015-10-01,71.92800000000001
476,Camarines Norte,2015-11-01,65.70666666666666
477,Camarines Norte,2015-12-01,57.52142857142858
478,Camarines Norte,2016-01-01,69.22307692307693
479,Camarines Norte,2016-02-01,59.34090909090909
480,Camarines Norte,2016-03-01,50.55285714285714
481,Camarines Norte,2016-06-01,55.495000000000005
482,Camarines Norte,2016-07-01,60.417500000000004
483,Camarines Norte,2016-08-01,68.3
484,Camarines Norte,2016-09-01,62.325
485,Camarines Norte,2016-10-01,59.15
486,Camarines Norte,2016-11-01,59.667500000000004
487,Camarines Norte,2016-12-01,60.70666666666667
488,Camarines Norte,2017-01-01,54.582499999999996
489,Camarines Norte,2017-02-01,52.542500000000004
490,Camarines Norte,2017-03-01,52.5
491,Camarines Norte,2017-04-01,47.36
492,Camarines Norte,2017-06-01,36.50666666666667
493,Camarines Norte,2017-07-01,50.06666666666666
494,Camarines Norte,2017-08-01,41.733000000000004
495,Camarines Norte,2017-09-01,43.24444444444444
496,Camarines Norte,2017-10-01,43.781666666666666
497,Camarines Norte,2017-11-01,52.96666666666667
498,Camarines Norte,2017-12-01,51.06
499,Camarines Norte,2018-01-01,84.1275
500,Camarines Norte,2018-02-01,83.20333333333333
501,Camarines Norte,2018-06-01,53.23
502,Camarines Norte,2018-07-01,38.684444444444445
503,Camarines Norte,2018-08-01,33.49777777777778
504,Camarines Norte,2018-09-01,48.678999999999995
505,Camarines Norte,2018-10-01,15.185
506,Camarines Sur,2013-01-01,0.0
507,Camarines Sur,2013-02-01,0.0
508,Camarines Sur,2013-03-01,0.0
509,Camarines Sur,2013-04-01,0.0
510,Camarines Sur,2013-05-01,0.0
511,Camarines Sur,2013-06-01,40.0
512,Camarines Sur,2013-07-01,0.0
513,Camarines Sur,2013-08-01,0.0
514,Camarines Sur,2013-09-01,51.85
515,Camarines Sur,2013-10-01,66.67
516,Camarines Sur,2013-11-01,14.673333333333334
517,Camarines Sur,2013-12-01,28.801666666666666
518,Camarines Sur,2014-01-01,27.80857142857143
519,Camarines Sur,2014-02-01,17.30875
520,Camarines Sur,2014-03-01,16.765
521,Camarines Sur,2014-04-01,0.0
522,Camarines Sur,2014-05-01,0.0
523,Camarines Sur,2014-06-01,0.0
524,Camarines Sur,2014-07-01,22.7775
525,Camarines Sur,2014-08-01,41.75235294117647
526,Camarines Sur,2014-09-01,31.100869565217394
527,Camarines Sur,2014-10-01,30.298823529411766
528,Camarines Sur,2014-11-01,32.24388888888889
529,Camarines Sur,2014-12-01,28.525454545454544
530,Camarines Sur,2015-01-01,26.44
531,Camarines Sur,2015-02-01,21.59882352941176
532,Camarines Sur,2015-03-01,14.84
533,Camarines Sur,2015-04-01,15.484
534,Camarines Sur,2015-05-01,16.94
535,Camarines Sur,2015-06-01,0.0
536,Camarines Sur,2015-07-01,70.81
537,Camarines Sur,2015-08-01,35.609166666666674
538,Camarines Sur,2015-09-01,37.34384615384616
539,Camarines Sur,2015-10-01,25.62071428571429
540,Camarines Sur,2015-11-01,28.40692307692308
541,Camarines Sur,2015-12-01,29.32
542,Camarines Sur,2016-01-01,33.46
543,Camarines Sur,2016-02-01,25.80058823529412
544,Camarines Sur,2016-03-01,30.577142857142857
545,Camarines Sur,2016-07-01,43.75
546,Camarines Sur,2016-08-01,55.11
547,Camarines Sur,2016-09-01,68.91
548,Camarines Sur,2016-10-01,60.754999999999995
549,Camarines Sur,2016-11-01,16.863333333333333
550,Camarines Sur,2016-12-01,20.256666666666664
551,Camarines Sur,2017-01-01,12.802000000000001
552,Camarines Sur,2017-02-01,12.24111111111111
553,Camarines Sur,2017-03-01,11.068000000000001
554,Camarines Sur,2017-07-01,4.05
555,Camarines Sur,2017-08-01,22.337142857142858
556,Camarines Sur,2017-09-01,12.148
557,Camarines Sur,2017-10-01,1.8266666666666669
558,Camarines Sur,2017-11-01,0.0
559,Camarines Sur,2018-01-01,27.393749999999997
560,Camarines Sur,2018-02-01,12.663333333333332
561,Camarines Sur,2018-03-01,3.17
562,Camarines Sur,2018-06-01,40.0
563,Camarines Sur,2018-07-01,12.5
564,Camarines Sur,2018-08-01,31.421875
565,Camarines Sur,2018-09-01,25.491999999999997
566,Camarines Sur,2018-10-01,32.08
567,Catanduanes,2013-01-01,0.0
568,Catanduanes,2013-02-01,0.0
569,Catanduanes,2013-03-01,0.0
570,Catanduanes,2013-04-01,0.0
571,Catanduanes,2013-05-01,0.0
572,Catanduanes,2013-06-01,0.0
573,Catanduanes,2013-07-01,0.0
574,Catanduanes,2013-08-01,0.0
575,Catanduanes,2013-09-01,0.0
576,Catanduanes,2013-10-01,0.0
577,Catanduanes,2013-11-01,0.0
578,Catanduanes,2013-12-01,0.0
579,Catanduanes,2014-01-01,0.0
580,Catanduanes,2014-02-01,0.0
581,Catanduanes,2014-03-01,0.0
582,Catanduanes,2014-04-01,0.0
583,Catanduanes,2014-05-01,0.0
584,Catanduanes,2014-06-01,0.0
585,Catanduanes,2014-07-01,0.0
586,Catanduanes,2014-08-01,0.0
587,Catanduanes,2014-09-01,54.3625
588,Catanduanes,2014-10-01,93.63666666666666
589,Catanduanes,2014-11-01,49.01357142857143
590,Catanduanes,2014-12-01,55.12888888888889
591,Catanduanes,2015-01-01,33.62222222222223
592,Catanduanes,2015-02-01,41.07142857142857
593,Catanduanes,2015-03-01,45.111111111111114
594,Catanduanes,2015-04-01,0.0
595,Catanduanes,2015-05-01,0.0
596,Catanduanes,2015-06-01,41.107499999999995
597,Catanduanes,2015-07-01,52.099999999999994
598,Catanduanes,2015-08-01,31.522499999999997
599,Catanduanes,2015-09-01,31.961875
600,Catanduanes,2015-10-01,39.312
601,Catanduanes,2015-11-01,42.09153846153846
602,Catanduanes,2015-12-01,45.89166666666667
603,Catanduanes,2016-01-01,44.06333333333333
604,Catanduanes,2016-02-01,33.51499999999999
605,Catanduanes,2016-03-01,45.49090909090909
606,Catanduanes,2016-06-01,35.276666666666664
607,Catanduanes,2016-07-01,58.198750000000004
608,Catanduanes,2016-08-01,70.79583333333333
609,Catanduanes,2016-09-01,51.568749999999994
610,Catanduanes,2016-10-01,51.755
611,Catanduanes,2016-11-01,73.31125
612,Catanduanes,2016-12-01,59.60166666666667
613,Catanduanes,2017-01-01,49.077999999999996
614,Catanduanes,2017-02-01,57.62714285714285
615,Catanduanes,2017-03-01,53.396249999999995
616,Catanduanes,2017-04-01,70.875
617,Catanduanes,2017-06-01,16.566
618,Catanduanes,2017-07-01,28.219230769230766
619,Catanduanes,2017-08-01,34.8775
620,Catanduanes,2017-09-01,43.681666666666665
621,Catanduanes,2017-10-01,53.839999999999996
622,Catanduanes,2017-11-01,81.39999999999999
623,Catanduanes,2017-12-01,77.78
624,Catanduanes,2018-01-01,38.26166666666666
625,Catanduanes,2018-02-01,23.2275
626,Catanduanes,2018-07-01,26.406
627,Catanduanes,2018-08-01,39.096666666666664
628,Catanduanes,2018-09-01,33.945
629,Catanduanes,2018-10-01,22.45
630,Cavite,2012-11-01,29.328235294117647
631,Cavite,2012-12-01,30.05916666666667
632,Cavite,2013-01-01,13.64
633,Cavite,2013-02-01,0.0
634,Cavite,2013-03-01,0.0
635,Cavite,2013-04-01,0.0
636,Cavite,2013-05-01,0.0
637,Cavite,2013-06-01,0.0
638,Cavite,2013-07-01,0.0
639,Cavite,2013-08-01,0.0
640,Cavite,2013-09-01,0.0
641,Cavite,2013-10-01,38.721666666666664
642,Cavite,2013-11-01,41.907083333333354
643,Cavite,2013-12-01,34.89750000000001
644,Cavite,2014-01-01,38.8964
645,Cavite,2014-02-01,29.155200000000004
646,Cavite,2014-03-01,17.225
647,Cavite,2014-04-01,12.725999999999999
648,Cavite,2014-05-01,13.635
649,Cavite,2014-06-01,13.6375
650,Cavite,2014-07-01,16.364
651,Cavite,2014-08-01,30.331249999999994
652,Cavite,2014-09-01,30.216666666666672
653,Cavite,2014-10-01,25.57249999999999
654,Cavite,2014-11-01,17.41896551724138
655,Cavite,2014-12-01,14.285714285714283
656,Cavite,2015-01-01,13.995555555555555
657,Cavite,2015-02-01,16.130434782608695
658,Cavite,2015-03-01,6.0975
659,Cavite,2015-04-01,0.0
660,Cavite,2015-05-01,0.0
661,Cavite,2015-06-01,21.695
662,Cavite,2015-07-01,21.88038461538461
663,Cavite,2015-08-01,20.592666666666666
664,Cavite,2015-09-01,23.67757575757576
665,Cavite,2015-10-01,16.9175
666,Cavite,2015-11-01,16.294736842105262
667,Cavite,2015-12-01,14.605882352941173
668,Cavite,2016-01-01,14.25782608695652
669,Cavite,2016-02-01,14.631666666666668
670,Cavite,2016-03-01,14.043703703703704
671,Cavite,2016-06-01,1.61
672,Cavite,2016-07-01,2.015
673,Cebu,2013-01-01,0.0
674,Cebu,2013-02-01,0.0
675,Cebu,2013-03-01,0.0
676,Cebu,2013-04-01,0.0
677,Cebu,2013-05-01,0.0
678,Cebu,2013-06-01,0.0
679,Cebu,2013-07-01,12.423
680,Cebu,2013-08-01,16.574
681,Cebu,2013-09-01,14.568000000000001
682,Cebu,2013-10-01,10.916666666666666
683,Cebu,2013-11-01,22.755000000000003
684,Cebu,2013-12-01,14.997499999999999
685,Cebu,2014-01-01,17.214
686,Cebu,2014-02-01,26.641363636363636
687,Cebu,2014-03-01,18.706923076923076
688,Cebu,2014-04-01,15.0
689,Cebu,2014-05-01,0.0
690,Cebu,2014-06-01,12.094999999999999
691,Cebu,2014-07-01,20.660714285714285
692,Cebu,2014-08-01,16.739444444444448
693,Cebu,2014-09-01,30.05875
694,Cebu,2014-10-01,24.565
695,Cebu,2014-11-01,37.15875
696,Cebu,2014-12-01,16.43
697,Cebu,2015-01-01,38.666666666666664
698,Cebu,2015-02-01,31.428571428571427
699,Cebu,2015-03-01,26.0
700,Cebu,2015-04-01,57.5
701,Cebu,2015-05-01,60.666666666666664
702,Cebu,2015-06-01,36.17083333333333
703,Cebu,2015-07-01,32.82928571428571
704,Cebu,2015-08-01,27.29947368421053
705,Cebu,2015-09-01,31.229230769230767
706,Cebu,2015-10-01,32.57999999999999
707,Cebu,2015-11-01,31.580000000000002
708,Cebu,2015-12-01,28.83076923076923
709,Cebu,2016-01-01,32.35818181818181
710,Cebu,2016-02-01,32.03588235294118
711,Cebu,2016-03-01,34.58583333333333
712,Compostela Valley,2013-01-01,0.0
713,Compostela Valley,2013-02-01,90.91
714,Compostela Valley,2013-03-01,55.56
715,Compostela Valley,2013-04-01,0.0
716,Compostela Valley,2013-05-01,0.0
717,Compostela Valley,2013-06-01,0.0
718,Compostela Valley,2013-07-01,0.0
719,Compostela Valley,2013-08-01,0.0
720,Compostela Valley,2013-09-01,0.0
721,Compostela Valley,2013-10-01,0.0
722,Compostela Valley,2013-11-01,33.311875
723,Compostela Valley,2013-12-01,36.30200000000001
724,Compostela Valley,2014-01-01,49.432500000000005
725,Compostela Valley,2014-02-01,47.61499999999999
726,Compostela Valley,2014-03-01,48.06578947368421
727,Compostela Valley,2014-04-01,0.0
728,Compostela Valley,2014-05-01,0.0
729,Compostela Valley,2014-06-01,30.584999999999997
730,Compostela Valley,2014-07-01,36.95722222222223
731,Compostela Valley,2014-08-01,45.32285714285714
732,Compostela Valley,2014-09-01,42.575833333333335
733,Compostela Valley,2014-10-01,37.78125000000001
734,Compostela Valley,2014-11-01,46.050000000000004
735,Compostela Valley,2014-12-01,37.27538461538461
736,Compostela Valley,2015-01-01,46.941500000000005
737,Compostela Valley,2015-02-01,46.57692307692308
738,Compostela Valley,2015-03-01,45.111111111111114
739,Compostela Valley,2015-04-01,0.0
740,Compostela Valley,2015-05-01,0.0
741,Compostela Valley,2015-06-01,39.250555555555565
742,Compostela Valley,2015-07-01,60.7840909090909
743,Compostela Valley,2015-08-01,54.03541666666666
744,Compostela Valley,2015-09-01,59.76454545454546
745,Compostela Valley,2015-10-01,50.40055555555554
746,Compostela Valley,2015-11-01,49.666500000000006
747,Compostela Valley,2015-12-01,60.88285714285714
748,Compostela Valley,2016-01-01,60.121249999999996
749,Compostela Valley,2016-02-01,50.653499999999994
750,Compostela Valley,2016-03-01,56.50842105263157
751,Compostela Valley,2016-06-01,33.825
752,Compostela Valley,2016-07-01,19.213333333333335
753,Cotabato,2012-08-01,16.67
754,Cotabato,2013-01-01,0.0
755,Cotabato,2013-02-01,26.67
756,Cotabato,2013-03-01,0.0
757,Cotabato,2013-04-01,0.0
758,Cotabato,2013-05-01,0.0
759,Cotabato,2013-06-01,0.0
760,Cotabato,2013-07-01,0.0
761,Cotabato,2013-08-01,0.0
762,Cotabato,2013-09-01,0.0
763,Cotabato,2013-10-01,0.0
764,Cotabato,2013-11-01,0.0
765,Cotabato,2013-12-01,0.0
766,Cotabato,2014-01-01,0.0
767,Cotabato,2014-02-01,10.13
768,Cotabato,2014-03-01,4.64
769,Cotabato,2014-04-01,0.0
770,Cotabato,2014-05-01,0.0
771,Cotabato,2014-06-01,0.0
772,Cotabato,2014-07-01,0.94
773,Cotabato,2014-08-01,1.4100000000000001
774,Cotabato,2014-09-01,0.0
775,Cotabato,2014-10-01,0.0
776,Cotabato,2014-11-01,0.0
777,Cotabato,2014-12-01,0.0
778,Cotabato,2015-01-01,0.0
779,Cotabato,2015-02-01,1.0
780,Cotabato,2015-03-01,0.0
781,Cotabato,2015-04-01,0.0
782,Cotabato,2015-05-01,0.0
783,Cotabato,2015-06-01,0.0
784,Cotabato,2015-07-01,0.0
785,Cotabato,2015-08-01,44.44
786,Cotabato,2015-09-01,0.0
787,Cotabato,2015-10-01,4.17
788,Cotabato,2015-11-01,2.873333333333333
789,Cotabato,2015-12-01,3.263333333333333
790,Cotabato,2016-01-01,3.5100000000000002
791,Cotabato,2016-02-01,2.115
792,Cotabato,2016-03-01,4.17
793,Davao Oriental,2013-01-01,0.0
794,Davao Oriental,2013-02-01,0.0
795,Davao Oriental,2013-03-01,0.0
796,Davao Oriental,2013-04-01,0.0
797,Davao Oriental,2013-05-01,0.0
798,Davao Oriental,2013-06-01,0.0
799,Davao Oriental,2013-07-01,0.0
800,Davao Oriental,2013-08-01,0.0
801,Davao Oriental,2013-09-01,0.0
802,Davao Oriental,2013-10-01,0.0
803,Davao Oriental,2013-11-01,40.38
804,Davao Oriental,2013-12-01,62.58615384615385
805,Davao Oriental,2014-01-01,71.78
806,Davao Oriental,2014-02-01,76.05699999999999
807,Davao Oriental,2014-03-01,78.86857142857141
808,Davao Oriental,2014-04-01,58.33
809,Davao Oriental,2014-05-01,0.0
810,Davao Oriental,2014-06-01,64.58333333333333
811,Davao Oriental,2014-07-01,61.922000000000004
812,Davao Oriental,2014-08-01,57.10272727272727
813,Davao Oriental,2014-09-01,68.2715
814,Davao Oriental,2014-10-01,54.722307692307695
815,Davao Oriental,2014-11-01,59.661249999999995
816,Davao Oriental,2014-12-01,62.089999999999996
817,Davao Oriental,2015-01-01,65.61571428571429
818,Davao Oriental,2015-02-01,64.73444444444445
819,Davao Oriental,2015-03-01,54.2
820,Davao Oriental,2015-04-01,0.0
821,Davao Oriental,2015-05-01,0.0
822,Davao Oriental,2015-06-01,51.33727272727273
823,Davao Oriental,2015-07-01,67.85176470588236
824,Davao Oriental,2015-08-01,58.538125
825,Davao Oriental,2015-09-01,59.6311111111111
826,Davao Oriental,2015-10-01,64.24333333333333
827,Davao Oriental,2015-11-01,64.7025
828,Davao Oriental,2015-12-01,49.616
829,Davao Oriental,2016-01-01,61.5676923076923
830,Davao Oriental,2016-02-01,61.30642857142857
831,Davao Oriental,2016-03-01,59.111875
832,Davao Oriental,2016-06-01,78.18666666666667
833,Davao Oriental,2016-07-01,84.88666666666667
834,Davao Oriental,2016-11-01,96.34
835,Davao Oriental,2017-01-01,90.2
836,Davao Oriental,2017-02-01,92.0
837,Davao Oriental,2017-03-01,74.78666666666668
838,Davao del Norte,2013-01-01,0.0
839,Davao del Norte,2013-02-01,0.0
840,Davao del Norte,2013-03-01,0.0
841,Davao del Norte,2013-04-01,0.0
842,Davao del Norte,2013-05-01,0.0
843,Davao del Norte,2013-06-01,0.0
844,Davao del Norte,2013-07-01,0.0
845,Davao del Norte,2013-08-01,0.0
846,Davao del Norte,2013-09-01,0.0
847,Davao del Norte,2013-10-01,27.69
848,Davao del Norte,2013-11-01,48.03375
849,Davao del Norte,2013-12-01,51.2875
850,Davao del Norte,2014-01-01,43.37615384615385
851,Davao del Norte,2014-02-01,48.02066666666667
852,Davao del Norte,2014-03-01,24.8775
853,Davao del Norte,2014-04-01,0.0
854,Davao del Norte,2014-05-01,0.0
855,Davao del Norte,2014-06-01,58.552499999999995
856,Davao del Norte,2014-07-01,50.09583333333333
857,Davao del Norte,2014-08-01,40.085
858,Davao del Norte,2014-09-01,50.3896
859,Davao del Norte,2014-10-01,51.82058823529412
860,Davao del Norte,2014-11-01,42.72952380952381
861,Davao del Norte,2014-12-01,29.708750000000002
862,Davao del Norte,2015-01-01,40.857142857142854
863,Davao del Norte,2015-02-01,52.333333333333336
864,Davao del Norte,2015-03-01,0.0
865,Davao del Norte,2015-04-01,0.0
866,Davao del Norte,2015-05-01,0.0
867,Davao del Norte,2015-06-01,70.43166666666666
868,Davao del Norte,2015-07-01,54.178947368421056
869,Davao del Norte,2015-08-01,52.906800000000004
870,Davao del Norte,2015-09-01,51.94916666666668
871,Davao del Norte,2015-10-01,48.36625
872,Davao del Norte,2015-11-01,54.906
873,Davao del Norte,2015-12-01,46.25749999999999
874,Davao del Norte,2016-01-01,49.376842105263165
875,Davao del Norte,2016-02-01,55.889375
876,Davao del Norte,2016-03-01,54.17318181818182
877,Davao del Norte,2016-04-01,63.64
878,Davao del Norte,2016-06-01,43.589999999999996
879,Davao del Norte,2016-07-01,31.268571428571427
880,Davao del Norte,2016-08-01,18.92
881,Davao del Norte,2016-09-01,23.423333333333332
882,Davao del Norte,2017-01-01,21.74
883,Davao del Norte,2017-02-01,23.41
884,Davao del Norte,2017-03-01,16.28
885,Davao del Sur,2012-07-01,46.712
886,Davao del Sur,2012-08-01,50.0
887,Davao del Sur,2012-09-01,50.0
888,Davao del Sur,2012-10-01,50.0
889,Davao del Sur,2012-11-01,50.0
890,Davao del Sur,2012-12-01,52.413333333333334
891,Davao del Sur,2013-01-01,0.0
892,Davao del Sur,2013-02-01,0.0
893,Davao del Sur,2013-03-01,0.0
894,Davao del Sur,2013-04-01,0.0
895,Davao del Sur,2013-05-01,0.0
896,Davao del Sur,2013-06-01,0.0
897,Davao del Sur,2013-07-01,0.0
898,Davao del Sur,2013-08-01,43.66454545454545
899,Davao del Sur,2013-09-01,41.600769230769224
900,Davao del Sur,2013-10-01,39.89333333333333
901,Davao del Sur,2013-11-01,40.253125
902,Davao del Sur,2013-12-01,46.0
903,Davao del Sur,2014-01-01,42.96272727272727
904,Davao del Sur,2014-02-01,36.53666666666666
905,Davao del Sur,2014-03-01,48.892
906,Davao del Sur,2014-04-01,0.0
907,Davao del Sur,2014-05-01,0.0
908,Davao del Sur,2014-06-01,27.78
909,Davao del Sur,2014-07-01,40.85909090909091
910,Davao del Sur,2014-08-01,51.01761904761904
911,Davao del Sur,2014-09-01,46.584999999999994
912,Davao del Sur,2014-10-01,50.03409090909091
913,Davao del Sur,2014-11-01,54.34357142857143
914,Davao del Sur,2014-12-01,51.022000000000006
915,Davao del Sur,2015-01-01,33.1325
916,Davao del Sur,2015-02-01,46.38461538461539
917,Davao del Sur,2015-03-01,49.5
918,Davao del Sur,2015-04-01,0.0
919,Davao del Sur,2015-05-01,0.0
920,Davao del Sur,2015-06-01,53.33
921,Davao del Sur,2015-07-01,66.82142857142857
922,Davao del Sur,2015-08-01,43.999999999999986
923,Davao del Sur,2015-09-01,45.744782608695644
924,Davao del Sur,2015-10-01,53.505714285714284
925,Davao del Sur,2015-11-01,48.394999999999996
926,Davao del Sur,2015-12-01,45.672307692307704
927,Davao del Sur,2016-01-01,56.14333333333334
928,Davao del Sur,2016-02-01,79.05909090909091
929,Davao del Sur,2016-03-01,68.8975
930,Davao del Sur,2016-07-01,35.48
931,Davao del Sur,2016-09-01,66.4025
932,Davao del Sur,2016-10-01,68.69
933,Ifugao,2013-01-01,0.0
934,Ifugao,2013-02-01,0.0
935,Ifugao,2013-03-01,0.0
936,Ifugao,2013-04-01,0.0
937,Ifugao,2013-05-01,0.0
938,Ifugao,2013-06-01,0.0
939,Ifugao,2013-07-01,0.0
940,Ifugao,2013-08-01,0.0
941,Ifugao,2013-09-01,0.0
942,Ifugao,2013-10-01,0.0
943,Ifugao,2013-11-01,0.0
944,Ifugao,2013-12-01,0.0
945,Ifugao,2014-01-01,10.445
946,Ifugao,2014-02-01,45.85833333333333
947,Ifugao,2014-03-01,56.92999999999999
948,Ifugao,2014-04-01,0.0
949,Ifugao,2014-05-01,0.0
950,Ifugao,2014-06-01,0.0
951,Ifugao,2014-07-01,11.9
952,Ifugao,2014-08-01,17.779090909090908
953,Ifugao,2014-09-01,24.963333333333335
954,Ifugao,2014-10-01,30.213
955,Ifugao,2014-11-01,20.40777777777778
956,Ifugao,2014-12-01,19.5
957,Ifugao,2015-01-01,19.6875
958,Ifugao,2015-02-01,16.357142857142858
959,Ifugao,2015-03-01,9.083333333333334
960,Ifugao,2015-04-01,12.0
961,Ifugao,2015-05-01,17.0
962,Ifugao,2015-06-01,0.0
963,Ifugao,2015-07-01,37.87461538461538
964,Ifugao,2015-08-01,53.89411764705883
965,Ifugao,2015-09-01,53.34624999999998
966,Ifugao,2015-10-01,43.89333333333333
967,Ifugao,2015-11-01,38.62117647058823
968,Ifugao,2015-12-01,45.302307692307686
969,Ifugao,2016-01-01,27.945714285714285
970,Ifugao,2016-02-01,22.55
971,Ifugao,2016-03-01,26.436666666666667
972,Ilocos Norte,2013-01-01,0.0
973,Ilocos Norte,2013-02-01,0.0
974,Ilocos Norte,2013-03-01,0.0
975,Ilocos Norte,2013-04-01,0.0
976,Ilocos Norte,2013-05-01,0.0
977,Ilocos Norte,2013-06-01,0.0
978,Ilocos Norte,2013-07-01,0.0
979,Ilocos Norte,2013-08-01,0.0
980,Ilocos Norte,2013-09-01,0.0
981,Ilocos Norte,2013-10-01,0.0
982,Ilocos Norte,2013-11-01,0.0
983,Ilocos Norte,2013-12-01,0.0
984,Ilocos Norte,2014-01-01,10.8825
985,Ilocos Norte,2014-02-01,14.770740740740735
986,Ilocos Norte,2014-03-01,26.961499999999994
987,Ilocos Norte,2014-04-01,12.5
988,Ilocos Norte,2014-05-01,5.88
989,Ilocos Norte,2014-06-01,100.0
990,Ilocos Norte,2014-07-01,47.489999999999995
991,Ilocos Norte,2014-08-01,32.89959999999999
992,Ilocos Norte,2014-09-01,33.41303030303029
993,Ilocos Norte,2014-10-01,19.159655172413792
994,Ilocos Norte,2014-11-01,19.115294117647053
995,Ilocos Norte,2014-12-01,10.580833333333334
996,Ilocos Norte,2015-01-01,35.417500000000004
997,Ilocos Norte,2015-02-01,12.0
998,Ilocos Norte,2015-03-01,15.0
999,Ilocos Norte,2015-04-01,20.83
1000,Ilocos Norte,2015-05-01,0.0
1001,Ilocos Norte,2015-06-01,0.0
1002,Ilocos Norte,2015-07-01,39.61857142857144
1003,Ilocos Norte,2015-08-01,45.80638888888888
1004,Ilocos Norte,2015-09-01,38.83173913043479
1005,Ilocos Norte,2015-10-01,29.229142857142854
1006,Ilocos Norte,2015-11-01,24.642500000000005
1007,Ilocos Norte,2015-12-01,24.43263157894737
1008,Ilocos Norte,2016-01-01,16.746249999999996
1009,Ilocos Norte,2016-02-01,19.944166666666675
1010,Ilocos Norte,2016-03-01,21.744814814814816
1011,Ilocos Norte,2016-07-01,52.19571428571429
1012,Ilocos Norte,2016-08-01,55.366666666666674
1013,Ilocos Norte,2016-09-01,36.46363636363636
1014,Ilocos Norte,2016-10-01,26.012400000000003
1015,Ilocos Norte,2016-11-01,20.038125
1016,Ilocos Norte,2016-12-01,13.216999999999999
1017,Ilocos Norte,2017-01-01,3.703333333333333
1018,Ilocos Norte,2017-02-01,31.161818181818184
1019,Ilocos Norte,2017-03-01,25.833
1020,Ilocos Norte,2017-04-01,20.0
1021,Ilocos Norte,2017-05-01,6.666666666666667
1022,Ilocos Sur,2013-01-01,0.0
1023,Ilocos Sur,2013-02-01,0.0
1024,Ilocos Sur,2013-03-01,0.0
1025,Ilocos Sur,2013-04-01,0.0
1026,Ilocos Sur,2013-05-01,0.0
1027,Ilocos Sur,2013-06-01,0.0
1028,Ilocos Sur,2013-07-01,0.0
1029,Ilocos Sur,2013-08-01,0.0
1030,Ilocos Sur,2013-09-01,0.0
1031,Ilocos Sur,2013-10-01,0.0
1032,Ilocos Sur,2013-11-01,0.0
1033,Ilocos Sur,2013-12-01,0.0
1034,Ilocos Sur,2014-01-01,64.29
1035,Ilocos Sur,2014-02-01,43.513999999999996
1036,Ilocos Sur,2014-03-01,39.22
1037,Ilocos Sur,2014-04-01,0.0
1038,Ilocos Sur,2014-05-01,0.0
1039,Ilocos Sur,2014-06-01,46.666666666666664
1040,Ilocos Sur,2014-07-01,30.25875
1041,Ilocos Sur,2014-08-01,35.08555555555555
1042,Ilocos Sur,2014-09-01,37.14153846153846
1043,Ilocos Sur,2014-10-01,43.03375
1044,Ilocos Sur,2014-11-01,37.532500000000006
1045,Ilocos Sur,2014-12-01,41.288
1046,Ilocos Sur,2015-01-01,64.71
1047,Ilocos Sur,2015-02-01,0.0
1048,Ilocos Sur,2015-03-01,0.0
1049,Ilocos Sur,2015-04-01,0.0
1050,Ilocos Sur,2015-05-01,0.0
1051,Ilocos Sur,2015-06-01,11.573333333333332
1052,Ilocos Sur,2015-07-01,22.8625
1053,Ilocos Sur,2015-08-01,27.546153846153842
1054,Ilocos Sur,2015-09-01,37.842499999999994
1055,Ilocos Sur,2015-10-01,43.894285714285715
1056,Ilocos Sur,2015-11-01,39.346923076923076
1057,Ilocos Sur,2015-12-01,41.75
1058,Ilocos Sur,2016-01-01,34.19357142857143
1059,Ilocos Sur,2016-02-01,29.3425
1060,Ilocos Sur,2016-03-01,26.014615384615386
1061,Ilocos Sur,2016-04-01,38.6
1062,Ilocos Sur,2016-06-01,0.0
1063,Ilocos Sur,2016-07-01,0.0
1064,Ilocos Sur,2016-08-01,13.75
1065,Ilocos Sur,2016-09-01,25.52875
1066,Ilocos Sur,2016-10-01,20.176666666666666
1067,Ilocos Sur,2016-11-01,21.0
1068,Ilocos Sur,2016-12-01,13.333333333333334
1069,Ilocos Sur,2017-01-01,13.333333333333334
1070,Iloilo,2012-07-01,51.0
1071,Iloilo,2012-08-01,66.2
1072,Iloilo,2012-09-01,66.0
1073,Iloilo,2012-10-01,43.75
1074,Iloilo,2012-11-01,53.333333333333336
1075,Iloilo,2013-01-01,0.0
1076,Iloilo,2013-02-01,0.0
1077,Iloilo,2013-03-01,0.0
1078,Iloilo,2013-04-01,0.0
1079,Iloilo,2013-05-01,0.0
1080,Iloilo,2013-06-01,0.0
1081,Iloilo,2013-07-01,0.0
1082,Iloilo,2013-08-01,0.0
1083,Iloilo,2013-09-01,0.0
1084,Iloilo,2013-10-01,26.8825
1085,Iloilo,2013-11-01,42.404
1086,Iloilo,2013-12-01,24.262500000000003
1087,Iloilo,2014-01-01,33.57
1088,Iloilo,2014-02-01,10.337499999999999
1089,Iloilo,2014-03-01,8.65
1090,Iloilo,2014-04-01,0.0
1091,Iloilo,2014-05-01,0.0
1092,Iloilo,2014-06-01,0.0
1093,Iloilo,2014-07-01,57.01571428571429
1094,Iloilo,2014-08-01,60.90375
1095,Iloilo,2014-09-01,75.57399999999998
1096,Iloilo,2014-10-01,53.89428571428572
1097,Iloilo,2014-11-01,32.14
1098,Iloilo,2014-12-01,0.0
1099,Iloilo,2015-01-01,0.0
1100,Iloilo,2015-02-01,0.0
1101,Iloilo,2015-03-01,0.0
1102,Iloilo,2015-04-01,0.0
1103,Iloilo,2015-05-01,0.0
1104,Iloilo,2015-06-01,0.0
1105,Iloilo,2015-07-01,0.0
1106,Iloilo,2015-08-01,36.25555555555556
1107,Iloilo,2015-09-01,34.58034482758621
1108,Iloilo,2015-10-01,27.921250000000004
1109,Iloilo,2015-11-01,22.50833333333334
1110,Iloilo,2015-12-01,15.680833333333332
1111,Iloilo,2016-01-01,21.611666666666665
1112,Iloilo,2016-02-01,38.80800000000001
1113,Iloilo,2016-03-01,31.34
1114,Isabela,2013-01-01,0.0
1115,Isabela,2013-02-01,0.0
1116,Isabela,2013-03-01,0.0
1117,Isabela,2013-04-01,0.0
1118,Isabela,2013-05-01,0.0
1119,Isabela,2013-06-01,0.0
1120,Isabela,2013-07-01,0.0
1121,Isabela,2013-08-01,0.0
1122,Isabela,2013-09-01,0.0
1123,Isabela,2013-10-01,69.85333333333334
1124,Isabela,2013-11-01,56.64666666666667
1125,Isabela,2013-12-01,31.483333333333334
1126,Isabela,2014-01-01,42.876666666666665
1127,Isabela,2014-02-01,41.47
1128,Isabela,2014-03-01,82.5
1129,Isabela,2014-04-01,0.0
1130,Isabela,2014-05-01,0.0
1131,Isabela,2014-06-01,66.25
1132,Isabela,2014-07-01,70.59333333333335
1133,Isabela,2014-08-01,69.65750000000001
1134,Isabela,2014-09-01,64.31400000000001
1135,Isabela,2014-10-01,18.619999999999997
1136,Isabela,2014-11-01,22.7075
1137,Isabela,2014-12-01,22.275000000000002
1138,Isabela,2015-01-01,44.0
1139,Isabela,2015-02-01,24.5
1140,Isabela,2015-03-01,24.5
1141,Isabela,2015-04-01,0.0
1142,Isabela,2015-05-01,0.0
1143,Isabela,2015-06-01,0.0
1144,Isabela,2015-07-01,25.0
1145,Isabela,2015-08-01,20.183333333333334
1146,Isabela,2015-09-01,23.843333333333334
1147,Isabela,2015-10-01,27.975
1148,Isabela,2015-11-01,31.82
1149,Isabela,2015-12-01,0.0
1150,Isabela,2016-01-01,0.0
1151,La Union,2013-01-01,0.0
1152,La Union,2013-02-01,0.0
1153,La Union,2013-03-01,0.0
1154,La Union,2013-04-01,0.0
1155,La Union,2013-05-01,0.0
1156,La Union,2013-06-01,0.0
1157,La Union,2013-07-01,0.0
1158,La Union,2013-08-01,0.0
1159,La Union,2013-09-01,0.0
1160,La Union,2013-10-01,0.0
1161,La Union,2013-11-01,0.0
1162,La Union,2013-12-01,0.0
1163,La Union,2014-01-01,3.85
1164,La Union,2014-02-01,8.655
1165,La Union,2014-03-01,0.0
1166,La Union,2014-04-01,0.0
1167,La Union,2014-05-01,0.0
1168,La Union,2014-06-01,0.0
1169,La Union,2014-07-01,0.0
1170,La Union,2014-08-01,1.45
1171,La Union,2014-09-01,49.379999999999995
1172,La Union,2014-10-01,46.245000000000005
1173,La Union,2014-11-01,50.39428571428572
1174,La Union,2014-12-01,67.19
1175,La Union,2015-01-01,0.0
1176,La Union,2015-02-01,72.0
1177,La Union,2015-03-01,67.0
1178,La Union,2015-04-01,0.0
1179,La Union,2015-05-01,0.0
1180,La Union,2015-06-01,0.0
1181,La Union,2015-07-01,22.871
1182,La Union,2015-08-01,39.70416666666667
1183,La Union,2015-09-01,45.559
1184,La Union,2015-10-01,32.22692307692308
1185,La Union,2015-11-01,30.903636363636362
1186,La Union,2015-12-01,20.068
1187,La Union,2016-01-01,29.989166666666673
1188,La Union,2016-02-01,32.75
1189,La Union,2016-03-01,37.582499999999996
1190,La Union,2016-08-01,21.88
1191,La Union,2016-09-01,43.83142857142857
1192,La Union,2016-10-01,61.72555555555555
1193,La Union,2016-11-01,52.26727272727273
1194,La Union,2016-12-01,71.6925
1195,La Union,2017-01-01,64.70666666666666
1196,La Union,2017-02-01,70.59
1197,Laguna,2013-01-01,51.089999999999996
1198,Laguna,2013-02-01,45.61
1199,Laguna,2013-03-01,48.48
1200,Laguna,2013-04-01,49.49
1201,Laguna,2013-05-01,33.93
1202,Laguna,2013-06-01,5.695
1203,Laguna,2013-07-01,7.335
1204,Laguna,2013-08-01,8.495000000000001
1205,Laguna,2013-09-01,11.68
1206,Laguna,2013-10-01,17.315263157894737
1207,Laguna,2013-11-01,31.262647058823525
1208,Laguna,2013-12-01,30.608181818181823
1209,Laguna,2014-01-01,31.303673469387746
1210,Laguna,2014-02-01,26.308070175438594
1211,Laguna,2014-03-01,15.813125000000003
1212,Laguna,2014-04-01,18.545
1213,Laguna,2014-05-01,19.81
1214,Laguna,2014-06-01,20.9425
1215,Laguna,2014-07-01,32.756
1216,Laguna,2014-08-01,32.51851851851852
1217,Laguna,2014-09-01,27.255961538461534
1218,Laguna,2014-10-01,24.387272727272723
1219,Laguna,2014-11-01,23.422075471698115
1220,Laguna,2014-12-01,15.391612903225804
1221,Laguna,2015-01-01,25.302222222222227
1222,Laguna,2015-02-01,20.48148148148148
1223,Laguna,2015-03-01,6.571428571428571
1224,Laguna,2015-04-01,0.0
1225,Laguna,2015-05-01,0.0
1226,Laguna,2015-06-01,22.840000000000003
1227,Laguna,2015-07-01,22.142142857142858
1228,Laguna,2015-08-01,21.751718749999995
1229,Laguna,2015-09-01,15.639186046511623
1230,Laguna,2015-10-01,18.087931034482764
1231,Laguna,2015-11-01,22.857857142857146
1232,Laguna,2015-12-01,21.968679245283028
1233,Laguna,2016-01-01,17.487777777777776
1234,Laguna,2016-02-01,18.074107142857144
1235,Laguna,2016-03-01,18.493018867924523
1236,Laguna,2016-04-01,42.202
1237,Leyte,2013-01-01,0.0
1238,Leyte,2013-02-01,0.0
1239,Leyte,2013-03-01,0.0
1240,Leyte,2013-04-01,0.0
1241,Leyte,2013-05-01,0.0
1242,Leyte,2013-06-01,0.0
1243,Leyte,2013-07-01,0.0
1244,Leyte,2013-08-01,0.0
1245,Leyte,2013-09-01,0.0
1246,Leyte,2013-10-01,0.0
1247,Leyte,2013-11-01,0.0
1248,Leyte,2013-12-01,0.0
1249,Leyte,2014-01-01,0.0
1250,Leyte,2014-02-01,0.0
1251,Leyte,2014-03-01,0.0
1252,Leyte,2014-04-01,0.0
1253,Leyte,2014-05-01,0.0
1254,Leyte,2014-06-01,68.0
1255,Leyte,2014-07-01,55.75888888888889
1256,Leyte,2014-08-01,52.74214285714286
1257,Leyte,2014-09-01,41.840625
1258,Leyte,2014-10-01,47.72
1259,Leyte,2014-11-01,55.881764705882354
1260,Leyte,2014-12-01,51.9075
1261,Leyte,2015-01-01,66.5
1262,Leyte,2015-02-01,40.76777777777778
1263,Leyte,2015-03-01,42.0
1264,Leyte,2015-04-01,0.0
1265,Leyte,2015-05-01,0.0
1266,Leyte,2015-06-01,46.761250000000004
1267,Leyte,2015-07-01,39.397499999999994
1268,Leyte,2015-08-01,50.30173913043478
1269,Leyte,2015-09-01,45.3073076923077
1270,Leyte,2015-10-01,40.640869565217386
1271,Leyte,2015-11-01,48.06571428571428
1272,Leyte,2015-12-01,41.74952380952381
1273,Leyte,2016-01-01,33.15521739130434
1274,Leyte,2016-02-01,31.562380952380956
1275,Leyte,2016-03-01,19.14466666666667
1276,Leyte,2016-06-01,12.5725
1277,Leyte,2016-07-01,17.71375
1278,Leyte,2016-08-01,31.04
1279,Leyte,2016-09-01,30.0
1280,Leyte,2016-10-01,25.745
1281,Leyte,2016-11-01,26.189999999999998
1282,Leyte,2016-12-01,10.715
1283,Leyte,2017-01-01,16.072499999999998
1284,Leyte,2017-02-01,0.0
1285,Marinduque,2012-11-01,25.0
1286,Marinduque,2013-01-01,0.0
1287,Marinduque,2013-02-01,0.0
1288,Marinduque,2013-03-01,0.0
1289,Marinduque,2013-04-01,0.0
1290,Marinduque,2013-05-01,0.0
1291,Marinduque,2013-06-01,0.0
1292,Marinduque,2013-07-01,0.0
1293,Marinduque,2013-08-01,0.0
1294,Marinduque,2013-09-01,53.56999999999999
1295,Marinduque,2013-10-01,0.0
1296,Marinduque,2013-11-01,5.0
1297,Marinduque,2013-12-01,31.814545454545453
1298,Marinduque,2014-01-01,42.99307692307692
1299,Marinduque,2014-02-01,49.068709677419356
1300,Marinduque,2014-03-01,37.89266666666666
1301,Marinduque,2014-04-01,0.0
1302,Marinduque,2014-05-01,0.0
1303,Marinduque,2014-06-01,11.875
1304,Marinduque,2014-07-01,49.29235294117648
1305,Marinduque,2014-08-01,45.099230769230765
1306,Marinduque,2014-09-01,50.105000000000004
1307,Marinduque,2014-10-01,39.16771428571429
1308,Marinduque,2014-11-01,34.43800000000001
1309,Marinduque,2014-12-01,18.52666666666666
1310,Marinduque,2015-01-01,23.866666666666667
1311,Marinduque,2015-02-01,24.345416666666665
1312,Marinduque,2015-03-01,29.428571428571427
1313,Marinduque,2015-04-01,21.0
1314,Marinduque,2015-05-01,33.75
1315,Marinduque,2015-06-01,35.744166666666665
1316,Marinduque,2015-07-01,53.29612244897959
1317,Marinduque,2015-08-01,51.97775
1318,Marinduque,2015-09-01,42.0995744680851
1319,Marinduque,2015-10-01,33.87628571428572
1320,Marinduque,2015-11-01,34.31727272727274
1321,Marinduque,2015-12-01,30.195199999999996
1322,Marinduque,2016-01-01,34.32714285714286
1323,Marinduque,2016-02-01,42.4436111111111
1324,Marinduque,2016-03-01,34.573793103448274
1325,Masbate,2013-01-01,0.0
1326,Masbate,2013-02-01,0.0
1327,Masbate,2013-03-01,0.0
1328,Masbate,2013-04-01,0.0
1329,Masbate,2013-05-01,0.0
1330,Masbate,2013-06-01,0.0
1331,Masbate,2013-07-01,0.0
1332,Masbate,2013-08-01,0.0
1333,Masbate,2013-09-01,0.0
1334,Masbate,2013-10-01,25.183333333333334
1335,Masbate,2013-11-01,37.815
1336,Masbate,2013-12-01,54.47875
1337,Masbate,2014-01-01,54.47181818181818
1338,Masbate,2014-02-01,46.520833333333336
1339,Masbate,2014-03-01,45.806250000000006
1340,Masbate,2014-04-01,0.0
1341,Masbate,2014-05-01,0.0
1342,Masbate,2014-06-01,54.165
1343,Masbate,2014-07-01,67.346
1344,Masbate,2014-08-01,46.28833333333333
1345,Masbate,2014-09-01,42.067647058823525
1346,Masbate,2014-10-01,37.245384615384616
1347,Masbate,2014-11-01,44.85052631578948
1348,Masbate,2014-12-01,47.221
1349,Masbate,2015-01-01,53.04545454545455
1350,Masbate,2015-02-01,46.61538461538461
1351,Masbate,2015-03-01,51.81818181818182
1352,Masbate,2015-04-01,16.7075
1353,Masbate,2015-05-01,0.0
1354,Masbate,2015-06-01,0.0
1355,Masbate,2015-07-01,52.94
1356,Masbate,2015-08-01,46.949999999999996
1357,Masbate,2015-09-01,53.95799999999999
1358,Masbate,2015-10-01,47.09722222222222
1359,Masbate,2015-11-01,32.66235294117647
1360,Masbate,2015-12-01,31.883636363636366
1361,Masbate,2016-01-01,46.26789473684211
1362,Masbate,2016-02-01,50.09111111111111
1363,Masbate,2016-03-01,24.096428571428568
1364,Masbate,2016-06-01,86.21
1365,Masbate,2016-07-01,58.696666666666665
1366,Masbate,2016-08-01,69.2211111111111
1367,Masbate,2016-09-01,69.80199999999999
1368,Masbate,2016-10-01,41.029999999999994
1369,Masbate,2016-11-01,55.8
1370,Masbate,2016-12-01,34.86
1371,Masbate,2017-01-01,40.38833333333333
1372,Masbate,2017-02-01,41.08
1373,Masbate,2017-03-01,60.48
1374,Masbate,2017-06-01,56.29200000000001
1375,Masbate,2017-07-01,51.821333333333335
1376,Masbate,2017-08-01,63.23363636363636
1377,Masbate,2017-09-01,43.394999999999996
1378,Masbate,2017-10-01,57.75
1379,Masbate,2017-11-01,59.36
1380,Masbate,2017-12-01,54.72
1381,Masbate,2018-01-01,55.961
1382,Masbate,2018-02-01,48.5
1383,Masbate,2018-06-01,100.0
1384,Masbate,2018-07-01,73.96000000000001
1385,Masbate,2018-08-01,65.53285714285714
1386,Masbate,2018-09-01,60.254999999999995
1387,Masbate,2018-10-01,58.709999999999994
1388,Mountain Province,2013-01-01,0.0
1389,Mountain Province,2013-02-01,0.0
1390,Mountain Province,2013-03-01,0.0
1391,Mountain Province,2013-04-01,0.0
1392,Mountain Province,2013-05-01,0.0
1393,Mountain Province,2013-06-01,0.0
1394,Mountain Province,2013-07-01,0.0
1395,Mountain Province,2013-08-01,0.0
1396,Mountain Province,2013-09-01,0.0
1397,Mountain Province,2013-10-01,0.0
1398,Mountain Province,2013-11-01,0.0
1399,Mountain Province,2013-12-01,0.0
1400,Mountain Province,2014-01-01,0.0
1401,Mountain Province,2014-02-01,0.0
1402,Mountain Province,2014-03-01,7.14
1403,Mountain Province,2014-04-01,0.0
1404,Mountain Province,2014-05-01,0.0
1405,Mountain Province,2014-06-01,41.07
1406,Mountain Province,2014-07-01,32.13
1407,Mountain Province,2014-08-01,30.666363636363634
1408,Mountain Province,2014-09-01,39.737500000000004
1409,Mountain Province,2014-10-01,35.590833333333336
1410,Mountain Province,2014-11-01,35.13375
1411,Mountain Province,2014-12-01,40.779999999999994
1412,Mountain Province,2015-01-01,32.45916666666667
1413,Mountain Province,2015-02-01,19.0
1414,Mountain Province,2015-03-01,21.259999999999998
1415,Mountain Province,2015-04-01,20.333333333333332
1416,Mountain Province,2015-05-01,52.0
1417,Mountain Province,2015-06-01,28.903333333333332
1418,Mountain Province,2015-07-01,36.41375
1419,Mountain Province,2015-08-01,44.759
1420,Mountain Province,2015-09-01,46.89333333333334
1421,Mountain Province,2015-10-01,40.230909090909094
1422,Mountain Province,2015-11-01,53.23444444444445
1423,Mountain Province,2015-12-01,42.791
1424,Mountain Province,2016-01-01,25.687500000000004
1425,Mountain Province,2016-02-01,33.57
1426,Mountain Province,2016-03-01,28.326666666666668
1427,Mountain Province,2016-04-01,31.412499999999998
1428,Mountain Province,2016-05-01,28.57
1429,"NCR, City of Manila, First District",2012-06-01,3.7060000000000004
1430,"NCR, City of Manila, First District",2012-07-01,8.680540540540541
1431,"NCR, City of Manila, First District",2012-08-01,11.36
1432,"NCR, City of Manila, First District",2012-09-01,12.247000000000002
1433,"NCR, City of Manila, First District",2012-10-01,12.321666666666667
1434,"NCR, City of Manila, First District",2012-11-01,8.872857142857141
1435,"NCR, City of Manila, First District",2012-12-01,8.6808
1436,"NCR, City of Manila, First District",2013-01-01,0.0
1437,"NCR, City of Manila, First District",2013-02-01,0.0
1438,"NCR, City of Manila, First District",2013-03-01,0.0
1439,"NCR, City of Manila, First District",2013-04-01,0.0
1440,"NCR, City of Manila, First District",2013-05-01,0.0
1441,"NCR, City of Manila, First District",2013-06-01,0.0
1442,"NCR, City of Manila, First District",2013-07-01,6.796111111111111
1443,"NCR, City of Manila, First District",2013-08-01,7.747894736842104
1444,"NCR, City of Manila, First District",2013-09-01,10.97379310344828
1445,"NCR, City of Manila, First District",2013-10-01,10.826399999999996
1446,"NCR, City of Manila, First District",2013-11-01,8.272941176470589
1447,"NCR, City of Manila, First District",2013-12-01,10.6705
1448,"NCR, City of Manila, First District",2014-01-01,8.89
1449,"NCR, City of Manila, First District",2014-02-01,9.66076923076923
1450,"NCR, City of Manila, First District",2014-03-01,14.620000000000001
1451,"NCR, City of Manila, First District",2014-04-01,0.0
1452,"NCR, City of Manila, First District",2014-05-01,0.0
1453,"NCR, City of Manila, First District",2014-06-01,50.0
1454,"NCR, City of Manila, First District",2014-07-01,24.76875
1455,"NCR, City of Manila, First District",2014-08-01,9.499259259259258
1456,"NCR, City of Manila, First District",2014-09-01,8.92763157894737
1457,"NCR, City of Manila, First District",2014-10-01,11.157391304347824
1458,"NCR, City of Manila, First District",2014-11-01,9.763199999999998
1459,"NCR, City of Manila, First District",2014-12-01,9.116
1460,"NCR, City of Manila, First District",2015-01-01,8.0
1461,"NCR, City of Manila, First District",2015-02-01,4.0
1462,"NCR, City of Manila, First District",2015-03-01,0.0
1463,"NCR, City of Manila, First District",2015-04-01,4.166666666666667
1464,"NCR, City of Manila, First District",2015-05-01,4.4
1465,"NCR, City of Manila, First District",2015-06-01,7.324
1466,"NCR, City of Manila, First District",2015-07-01,6.882777777777776
1467,"NCR, City of Manila, First District",2015-08-01,8.156285714285714
1468,"NCR, City of Manila, First District",2015-09-01,7.6166666666666645
1469,"NCR, City of Manila, First District",2015-10-01,9.556799999999999
1470,"NCR, City of Manila, First District",2015-11-01,10.461052631578946
1471,"NCR, City of Manila, First District",2015-12-01,7.869333333333333
1472,"NCR, City of Manila, First District",2016-01-01,3.7036363636363636
1473,"NCR, City of Manila, First District",2016-02-01,8.739999999999997
1474,"NCR, City of Manila, First District",2016-03-01,7.45
1475,"NCR, Fourth District",2012-06-01,12.5259375
1476,"NCR, Fourth District",2012-07-01,21.64321100917431
1477,"NCR, Fourth District",2012-08-01,28.23666666666668
1478,"NCR, Fourth District",2012-09-01,25.953209876543216
1479,"NCR, Fourth District",2012-10-01,24.794249999999998
1480,"NCR, Fourth District",2012-11-01,24.621428571428577
1481,"NCR, Fourth District",2012-12-01,14.414230769230768
1482,"NCR, Fourth District",2013-01-01,14.43941176470588
1483,"NCR, Fourth District",2013-02-01,12.695238095238093
1484,"NCR, Fourth District",2013-03-01,0.0
1485,"NCR, Fourth District",2013-04-01,0.0
1486,"NCR, Fourth District",2013-05-01,0.0
1487,"NCR, Fourth District",2013-06-01,0.0
1488,"NCR, Fourth District",2013-07-01,16.083604651162787
1489,"NCR, Fourth District",2013-08-01,27.20585714285715
1490,"NCR, Fourth District",2013-09-01,26.391265822784813
1491,"NCR, Fourth District",2013-10-01,26.62073170731707
1492,"NCR, Fourth District",2013-11-01,19.03333333333333
1493,"NCR, Fourth District",2013-12-01,18.2512
1494,"NCR, Fourth District",2014-01-01,14.613870967741933
1495,"NCR, Fourth District",2014-02-01,13.46260869565217
1496,"NCR, Fourth District",2014-03-01,17.083000000000002
1497,"NCR, Fourth District",2014-04-01,0.0
1498,"NCR, Fourth District",2014-05-01,0.0
1499,"NCR, Fourth District",2014-06-01,10.10875
1500,"NCR, Fourth District",2014-07-01,15.27061224489796
1501,"NCR, Fourth District",2014-08-01,19.804036697247707
1502,"NCR, Fourth District",2014-09-01,19.704736842105262
1503,"NCR, Fourth District",2014-10-01,15.902592592592585
1504,"NCR, Fourth District",2014-11-01,14.590263157894741
1505,"NCR, Fourth District",2014-12-01,16.489189189189194
1506,"NCR, Fourth District",2015-01-01,14.155151515151516
1507,"NCR, Fourth District",2015-02-01,13.365853658536585
1508,"NCR, Fourth District",2015-03-01,8.318181818181818
1509,"NCR, Fourth District",2015-04-01,0.0
1510,"NCR, Fourth District",2015-05-01,0.0
1511,"NCR, Fourth District",2015-06-01,4.1850000000000005
1512,"NCR, Fourth District",2015-07-01,8.292826086956522
1513,"NCR, Fourth District",2015-08-01,14.338202247191013
1514,"NCR, Fourth District",2015-09-01,14.844040404040404
1515,"NCR, Fourth District",2015-10-01,9.23541666666667
1516,"NCR, Fourth District",2015-11-01,6.243076923076924
1517,"NCR, Fourth District",2015-12-01,6.8987096774193555
1518,"NCR, Fourth District",2016-01-01,4.906428571428572
1519,"NCR, Fourth District",2016-02-01,8.17875
1520,"NCR, Fourth District",2016-03-01,6.876785714285716
1521,"NCR, Fourth District",2016-04-01,4.31375
1522,"NCR, Fourth District",2016-05-01,4.57
1523,"NCR, Fourth District",2016-06-01,3.779333333333333
1524,"NCR, Fourth District",2016-07-01,6.120952380952382
1525,"NCR, Fourth District",2016-08-01,8.024285714285714
1526,"NCR, Fourth District",2016-09-01,6.965172413793103
1527,"NCR, Fourth District",2016-10-01,10.862631578947367
1528,"NCR, Fourth District",2016-11-01,6.339411764705881
1529,"NCR, Fourth District",2016-12-01,5.8972727272727266
1530,"NCR, Fourth District",2017-01-01,5.315625000000001
1531,"NCR, Fourth District",2017-02-01,5.133636363636364
1532,"NCR, Fourth District",2017-03-01,6.2299999999999995
1533,"NCR, Fourth District",2017-04-01,2.915
1534,"NCR, Fourth District",2017-05-01,7.09
1535,"NCR, Fourth District",2017-07-01,13.020000000000001
1536,"NCR, Second District",2012-06-01,2.9
1537,"NCR, Second District",2012-07-01,17.73625
1538,"NCR, Second District",2012-08-01,41.69677419354838
1539,"NCR, Second District",2012-09-01,37.69238095238095
1540,"NCR, Second District",2012-10-01,23.113333333333333
1541,"NCR, Second District",2012-11-01,12.0875
1542,"NCR, Second District",2012-12-01,12.115
1543,"NCR, Second District",2013-01-01,0.0
1544,"NCR, Second District",2013-02-01,0.0
1545,"NCR, Second District",2013-03-01,0.0
1546,"NCR, Second District",2013-04-01,0.0
1547,"NCR, Second District",2013-05-01,0.0
1548,"NCR, Second District",2013-06-01,0.0
1549,"NCR, Second District",2013-07-01,28.06070175438596
1550,"NCR, Second District",2013-08-01,33.126666666666665
1551,"NCR, Second District",2013-09-01,30.21944444444443
1552,"NCR, Second District",2013-10-01,30.42934426229509
1553,"NCR, Second District",2013-11-01,29.270535714285707
1554,"NCR, Second District",2013-12-01,25.091749999999994
1555,"NCR, Second District",2014-01-01,22.041666666666668
1556,"NCR, Second District",2014-02-01,21.583939393939396
1557,"NCR, Second District",2014-03-01,17.395
1558,"NCR, Second District",2014-04-01,0.0
1559,"NCR, Second District",2014-05-01,0.0
1560,"NCR, Second District",2014-06-01,23.972857142857144
1561,"NCR, Second District",2014-07-01,26.122812500000002
1562,"NCR, Second District",2014-08-01,27.569818181818174
1563,"NCR, Second District",2014-09-01,30.058271604938287
1564,"NCR, Second District",2014-10-01,28.308
1565,"NCR, Second District",2014-11-01,18.430892857142858
1566,"NCR, Second District",2014-12-01,16.6004
1567,"NCR, Second District",2015-01-01,19.426296296296297
1568,"NCR, Second District",2015-02-01,14.472692307692306
1569,"NCR, Second District",2015-03-01,9.777777777777779
1570,"NCR, Second District",2015-04-01,3.0
1571,"NCR, Second District",2015-05-01,15.0125
1572,"NCR, Second District",2015-06-01,9.003333333333332
1573,"NCR, Second District",2015-07-01,26.012592592592593
1574,"NCR, Second District",2015-08-01,25.71132075471698
1575,"NCR, Second District",2015-09-01,27.56728813559321
1576,"NCR, Second District",2015-10-01,27.66970588235294
1577,"NCR, Second District",2015-11-01,17.56814814814815
1578,"NCR, Second District",2015-12-01,10.868235294117644
1579,"NCR, Second District",2016-01-01,10.41666666666667
1580,"NCR, Second District",2016-02-01,11.016000000000002
1581,"NCR, Second District",2016-03-01,5.295
1582,"NCR, Second District",2016-07-01,38.96222222222222
1583,"NCR, Second District",2016-08-01,29.383999999999997
1584,"NCR, Second District",2016-09-01,56.29600000000001
1585,"NCR, Second District",2016-10-01,42.17142857142857
1586,"NCR, Second District",2016-11-01,34.1125
1587,"NCR, Second District",2016-12-01,14.990000000000002
1588,"NCR, Second District",2017-01-01,32.441111111111105
1589,"NCR, Second District",2017-02-01,43.552499999999995
1590,"NCR, Second District",2017-03-01,48.84
1591,"NCR, Third District",2012-06-01,22.20485714285714
1592,"NCR, Third District",2012-07-01,26.3228947368421
1593,"NCR, Third District",2012-08-01,35.2364705882353
1594,"NCR, Third District",2012-09-01,33.8236170212766
1595,"NCR, Third District",2012-10-01,33.3434
1596,"NCR, Third District",2012-11-01,28.59111111111111
1597,"NCR, Third District",2012-12-01,28.60939393939393
1598,"NCR, Third District",2013-01-01,12.650833333333336
1599,"NCR, Third District",2013-02-01,0.0
1600,"NCR, Third District",2013-03-01,0.0
1601,"NCR, Third District",2013-04-01,0.0
1602,"NCR, Third District",2013-05-01,0.0
1603,"NCR, Third District",2013-06-01,17.588
1604,"NCR, Third District",2013-07-01,24.703766233766235
1605,"NCR, Third District",2013-08-01,33.726122448979595
1606,"NCR, Third District",2013-09-01,32.48060606060606
1607,"NCR, Third District",2013-10-01,25.844166666666663
1608,"NCR, Third District",2013-11-01,26.782968750000002
1609,"NCR, Third District",2013-12-01,25.051199999999998
1610,"NCR, Third District",2014-01-01,23.767966101694913
1611,"NCR, Third District",2014-02-01,25.501515151515157
1612,"NCR, Third District",2014-03-01,21.618750000000002
1613,"NCR, Third District",2014-04-01,0.0
1614,"NCR, Third District",2014-05-01,0.0
1615,"NCR, Third District",2014-06-01,5.445
1616,"NCR, Third District",2014-07-01,22.758799999999997
1617,"NCR, Third District",2014-08-01,27.10782608695653
1618,"NCR, Third District",2014-09-01,23.74805309734514
1619,"NCR, Third District",2014-10-01,22.435200000000005
1620,"NCR, Third District",2014-11-01,16.214285714285715
1621,"NCR, Third District",2014-12-01,18.718333333333327
1622,"NCR, Third District",2015-01-01,15.063333333333334
1623,"NCR, Third District",2015-02-01,12.125
1624,"NCR, Third District",2015-03-01,13.083333333333334
1625,"NCR, Third District",2015-04-01,18.611666666666668
1626,"NCR, Third District",2015-05-01,17.0
1627,"NCR, Third District",2015-06-01,36.505
1628,"NCR, Third District",2015-07-01,17.30882352941177
1629,"NCR, Third District",2015-08-01,17.53522727272727
1630,"NCR, Third District",2015-09-01,25.7451111111111
1631,"NCR, Third District",2015-10-01,25.310909090909085
1632,"NCR, Third District",2015-11-01,19.84365384615384
1633,"NCR, Third District",2015-12-01,20.362187499999997
1634,"NCR, Third District",2016-01-01,17.042926829268293
1635,"NCR, Third District",2016-02-01,27.552380952380947
1636,"NCR, Third District",2016-03-01,16.143888888888892
1637,"NCR, Third District",2016-04-01,16.67
1638,"NCR, Third District",2016-07-01,20.665
1639,"NCR, Third District",2016-08-01,27.370909090909095
1640,"NCR, Third District",2016-09-01,16.54
1641,"NCR, Third District",2016-10-01,21.67875
1642,"NCR, Third District",2016-11-01,14.040000000000001
1643,"NCR, Third District",2016-12-01,17.435000000000002
1644,"NCR, Third District",2017-01-01,6.67
1645,"NCR, Third District",2017-02-01,5.5566666666666675
1646,"NCR, Third District",2017-03-01,8.33
1647,"NCR, Third District",2017-06-01,25.0
1648,"NCR, Third District",2017-07-01,20.603333333333335
1649,"NCR, Third District",2017-08-01,55.455
1650,Negros Oriental,2013-01-01,0.0
1651,Negros Oriental,2013-02-01,0.0
1652,Negros Oriental,2013-03-01,0.0
1653,Negros Oriental,2013-04-01,0.0
1654,Negros Oriental,2013-05-01,0.0
1655,Negros Oriental,2013-06-01,0.0
1656,Negros Oriental,2013-07-01,0.0
1657,Negros Oriental,2013-08-01,80.55666666666667
1658,Negros Oriental,2013-09-01,90.47666666666667
1659,Negros Oriental,2013-10-01,88.57333333333334
1660,Negros Oriental,2013-11-01,83.705
1661,Negros Oriental,2013-12-01,100.0
1662,Negros Oriental,2014-01-01,74.03999999999999
1663,Negros Oriental,2014-02-01,49.875
1664,Negros Oriental,2014-03-01,52.620000000000005
1665,Negros Oriental,2014-04-01,0.0
1666,Negros Oriental,2014-05-01,0.0
1667,Negros Oriental,2014-06-01,51.903333333333336
1668,Negros Oriental,2014-07-01,59.71909090909091
1669,Negros Oriental,2014-08-01,66.85166666666666
1670,Negros Oriental,2014-09-01,78.98166666666667
1671,Negros Oriental,2014-10-01,79.32333333333332
1672,Negros Oriental,2014-11-01,77.04714285714286
1673,Negros Oriental,2014-12-01,49.0
1674,Negros Oriental,2015-01-01,67.33333333333333
1675,Negros Oriental,2015-02-01,72.5
1676,Negros Oriental,2015-03-01,60.5
1677,Negros Oriental,2015-04-01,0.0
1678,Negros Oriental,2015-05-01,0.0
1679,Negros Oriental,2015-06-01,0.0
1680,Negros Oriental,2015-07-01,50.620000000000005
1681,Negros Oriental,2015-08-01,57.03875
1682,Negros Oriental,2015-09-01,54.727
1683,Negros Oriental,2015-10-01,59.31285714285714
1684,Negros Oriental,2015-11-01,48.26625
1685,Negros Oriental,2015-12-01,62.205000000000005
1686,Negros Oriental,2016-01-01,39.40833333333334
1687,Negros Oriental,2016-02-01,25.30333333333333
1688,Negros Oriental,2016-03-01,7.93
1689,Negros Oriental,2016-06-01,7.24
1690,Negros Oriental,2016-07-01,8.066666666666666
1691,Nueva Ecija,2013-01-01,10.0
1692,Nueva Ecija,2013-02-01,0.0
1693,Nueva Ecija,2013-03-01,6.0
1694,Nueva Ecija,2013-04-01,0.0
1695,Nueva Ecija,2013-05-01,0.0
1696,Nueva Ecija,2013-06-01,0.0
1697,Nueva Ecija,2013-07-01,0.0
1698,Nueva Ecija,2013-08-01,0.0
1699,Nueva Ecija,2013-09-01,15.274999999999999
1700,Nueva Ecija,2013-10-01,29.47538461538462
1701,Nueva Ecija,2013-11-01,49.92857142857143
1702,Nueva Ecija,2013-12-01,61.41642857142857
1703,Nueva Ecija,2014-01-01,47.561
1704,Nueva Ecija,2014-02-01,50.2325
1705,Nueva Ecija,2014-03-01,52.746
1706,Nueva Ecija,2014-04-01,0.0
1707,Nueva Ecija,2014-05-01,0.0
1708,Nueva Ecija,2014-06-01,4.934210526315789
1709,Nueva Ecija,2014-07-01,22.34848484848484
1710,Nueva Ecija,2014-08-01,27.76705882352941
1711,Nueva Ecija,2014-09-01,20.827111111111112
1712,Nueva Ecija,2014-10-01,15.431999999999993
1713,Nueva Ecija,2014-11-01,14.990285714285713
1714,Nueva Ecija,2014-12-01,8.388
1715,Nueva Ecija,2015-01-01,41.82666666666666
1716,Nueva Ecija,2015-02-01,12.444444444444445
1717,Nueva Ecija,2015-03-01,14.8
1718,Nueva Ecija,2015-04-01,0.0
1719,Nueva Ecija,2015-05-01,0.0
1720,Nueva Ecija,2015-06-01,13.56
1721,Nueva Ecija,2015-07-01,38.73360655737705
1722,Nueva Ecija,2015-08-01,42.50685185185185
1723,Nueva Ecija,2015-09-01,36.54857142857142
1724,Nueva Ecija,2015-10-01,34.65979166666666
1725,Nueva Ecija,2015-11-01,31.524761904761903
1726,Nueva Ecija,2015-12-01,30.6924
1727,Nueva Ecija,2016-01-01,30.762121212121215
1728,Nueva Ecija,2016-02-01,26.65634146341464
1729,Nueva Ecija,2016-03-01,25.744482758620684
1730,Nueva Ecija,2016-04-01,50.344
1731,Nueva Ecija,2016-05-01,57.620000000000005
1732,Oriental Mindoro,2012-11-01,76.31666666666668
1733,Oriental Mindoro,2013-01-01,0.0
1734,Oriental Mindoro,2013-02-01,0.0
1735,Oriental Mindoro,2013-03-01,0.0
1736,Oriental Mindoro,2013-04-01,0.0
1737,Oriental Mindoro,2013-05-01,0.0
1738,Oriental Mindoro,2013-06-01,0.0
1739,Oriental Mindoro,2013-07-01,0.0
1740,Oriental Mindoro,2013-08-01,0.0
1741,Oriental Mindoro,2013-09-01,0.0
1742,Oriental Mindoro,2013-10-01,0.0
1743,Oriental Mindoro,2013-11-01,0.0
1744,Oriental Mindoro,2013-12-01,0.0
1745,Oriental Mindoro,2014-01-01,0.0
1746,Oriental Mindoro,2014-02-01,0.0
1747,Oriental Mindoro,2014-03-01,0.0
1748,Oriental Mindoro,2014-04-01,0.0
1749,Oriental Mindoro,2014-05-01,0.0
1750,Oriental Mindoro,2014-06-01,0.0
1751,Oriental Mindoro,2014-07-01,0.0
1752,Oriental Mindoro,2014-08-01,30.56
1753,Oriental Mindoro,2014-09-01,23.99416666666667
1754,Oriental Mindoro,2014-10-01,19.454166666666666
1755,Oriental Mindoro,2014-11-01,19.702727272727273
1756,Oriental Mindoro,2014-12-01,11.11
1757,Oriental Mindoro,2015-01-01,0.0
1758,Oriental Mindoro,2015-02-01,10.75
1759,Oriental Mindoro,2015-03-01,0.0
1760,Oriental Mindoro,2015-04-01,0.0
1761,Oriental Mindoro,2015-05-01,0.0
1762,Oriental Mindoro,2015-06-01,10.33642857142857
1763,Oriental Mindoro,2015-07-01,22.222000000000012
1764,Oriental Mindoro,2015-08-01,27.5275
1765,Oriental Mindoro,2015-09-01,29.525333333333336
1766,Oriental Mindoro,2015-10-01,33.442727272727275
1767,Oriental Mindoro,2015-11-01,25.405000000000005
1768,Oriental Mindoro,2015-12-01,43.31666666666666
1769,Oriental Mindoro,2016-01-01,23.976363636363637
1770,Oriental Mindoro,2016-02-01,15.097999999999999
1771,Oriental Mindoro,2016-03-01,28.258
1772,Palawan,2013-01-01,0.0
1773,Palawan,2013-02-01,0.0
1774,Palawan,2013-03-01,0.0
1775,Palawan,2013-04-01,0.0
1776,Palawan,2013-05-01,0.0
1777,Palawan,2013-06-01,0.0
1778,Palawan,2013-07-01,0.0
1779,Palawan,2013-08-01,0.0
1780,Palawan,2013-09-01,0.0
1781,Palawan,2013-10-01,0.0
1782,Palawan,2013-11-01,0.0
1783,Palawan,2013-12-01,0.0
1784,Palawan,2014-01-01,0.0
1785,Palawan,2014-02-01,0.0
1786,Palawan,2014-03-01,0.0
1787,Palawan,2014-04-01,0.0
1788,Palawan,2014-05-01,0.0
1789,Palawan,2014-06-01,0.0
1790,Palawan,2014-07-01,0.0
1791,Palawan,2014-08-01,0.0
1792,Palawan,2014-09-01,19.05
1793,Palawan,2014-10-01,59.4204
1794,Palawan,2014-11-01,40.04636363636364
1795,Palawan,2014-12-01,38.25625
1796,Palawan,2015-01-01,34.034666666666666
1797,Palawan,2015-02-01,34.75
1798,Palawan,2015-03-01,50.0
1799,Palawan,2015-04-01,61.857142857142854
1800,Palawan,2015-05-01,62.5
1801,Palawan,2015-06-01,35.855
1802,Palawan,2015-07-01,30.56434782608696
1803,Palawan,2015-08-01,18.493529411764705
1804,Palawan,2015-09-01,29.86863636363636
1805,Palawan,2015-10-01,24.896666666666665
1806,Palawan,2015-11-01,25.33772727272727
1807,Palawan,2015-12-01,26.705000000000002
1808,Palawan,2016-01-01,24.758888888888887
1809,Palawan,2016-02-01,10.564615384615383
1810,Palawan,2016-03-01,7.425
1811,Pampanga,2013-01-01,25.0
1812,Pampanga,2013-02-01,0.0
1813,Pampanga,2013-03-01,0.0
1814,Pampanga,2013-04-01,0.0
1815,Pampanga,2013-05-01,0.0
1816,Pampanga,2013-06-01,0.0
1817,Pampanga,2013-07-01,0.0
1818,Pampanga,2013-08-01,0.0
1819,Pampanga,2013-09-01,0.0
1820,Pampanga,2013-10-01,28.653333333333332
1821,Pampanga,2013-11-01,15.718461538461542
1822,Pampanga,2013-12-01,22.015555555555558
1823,Pampanga,2014-01-01,20.025000000000002
1824,Pampanga,2014-02-01,18.05714285714286
1825,Pampanga,2014-03-01,20.833333333333332
1826,Pampanga,2014-04-01,0.0
1827,Pampanga,2014-05-01,0.0
1828,Pampanga,2014-06-01,9.227142857142857
1829,Pampanga,2014-07-01,17.515
1830,Pampanga,2014-08-01,19.65473684210526
1831,Pampanga,2014-09-01,14.771052631578947
1832,Pampanga,2014-10-01,14.953846153846154
1833,Pampanga,2014-11-01,12.565
1834,Pampanga,2014-12-01,8.542857142857143
1835,Pampanga,2015-01-01,15.75
1836,Pampanga,2015-02-01,20.333333333333332
1837,Pampanga,2015-03-01,20.0
1838,Pampanga,2015-04-01,0.0
1839,Pampanga,2015-05-01,0.0
1840,Pampanga,2015-06-01,12.776
1841,Pampanga,2015-07-01,22.60923076923077
1842,Pampanga,2015-08-01,27.64625
1843,Pampanga,2015-09-01,25.77625
1844,Pampanga,2015-10-01,18.836
1845,Pampanga,2015-11-01,27.985
1846,Pampanga,2015-12-01,27.458
1847,Pampanga,2016-01-01,22.654999999999998
1848,Pampanga,2016-02-01,25.546
1849,Pampanga,2016-03-01,24.92
1850,Pangasinan,2013-01-01,57.64
1851,Pangasinan,2013-02-01,57.64
1852,Pangasinan,2013-03-01,0.0
1853,Pangasinan,2013-04-01,0.0
1854,Pangasinan,2013-05-01,0.0
1855,Pangasinan,2013-06-01,0.0
1856,Pangasinan,2013-07-01,0.0
1857,Pangasinan,2013-08-01,0.0
1858,Pangasinan,2013-09-01,43.75
1859,Pangasinan,2013-10-01,39.986666666666665
1860,Pangasinan,2013-11-01,15.42178571428571
1861,Pangasinan,2013-12-01,21.527804878048787
1862,Pangasinan,2014-01-01,27.21891891891892
1863,Pangasinan,2014-02-01,24.52264705882353
1864,Pangasinan,2014-03-01,24.136111111111113
1865,Pangasinan,2014-04-01,0.0
1866,Pangasinan,2014-05-01,0.0
1867,Pangasinan,2014-06-01,25.082666666666665
1868,Pangasinan,2014-07-01,43.54645161290322
1869,Pangasinan,2014-08-01,42.094062500000014
1870,Pangasinan,2014-09-01,36.49809523809523
1871,Pangasinan,2014-10-01,24.69707317073171
1872,Pangasinan,2014-11-01,17.870571428571434
1873,Pangasinan,2014-12-01,13.158947368421053
1874,Pangasinan,2015-01-01,12.077826086956522
1875,Pangasinan,2015-02-01,8.3352
1876,Pangasinan,2015-03-01,13.5
1877,Pangasinan,2015-04-01,0.0
1878,Pangasinan,2015-05-01,20.0
1879,Pangasinan,2015-06-01,38.006
1880,Pangasinan,2015-07-01,37.5635294117647
1881,Pangasinan,2015-08-01,42.6961855670103
1882,Pangasinan,2015-09-01,40.43836363636364
1883,Pangasinan,2015-10-01,38.569759036144575
1884,Pangasinan,2015-11-01,33.812337662337676
1885,Pangasinan,2015-12-01,26.10161290322581
1886,Pangasinan,2016-01-01,32.15884057971014
1887,Pangasinan,2016-02-01,26.40444444444445
1888,Pangasinan,2016-03-01,20.593529411764713
1889,Pangasinan,2016-04-01,29.41
1890,Pangasinan,2016-06-01,44.132666666666665
1891,Pangasinan,2016-07-01,39.85057692307693
1892,Pangasinan,2016-08-01,40.02000000000001
1893,Pangasinan,2016-09-01,34.03226190476192
1894,Pangasinan,2016-10-01,32.23700000000001
1895,Pangasinan,2016-11-01,29.96302631578948
1896,Pangasinan,2016-12-01,29.216764705882355
1897,Pangasinan,2017-01-01,29.886923076923075
1898,Pangasinan,2017-02-01,26.340512820512824
1899,Pangasinan,2017-03-01,20.685666666666666
1900,Pangasinan,2017-04-01,43.75
1901,Pangasinan,2017-06-01,34.38
1902,Pangasinan,2017-08-01,18.912
1903,Pangasinan,2017-09-01,24.073333333333334
1904,Quezon,2013-01-01,0.0
1905,Quezon,2013-02-01,0.0
1906,Quezon,2013-03-01,0.0
1907,Quezon,2013-04-01,0.0
1908,Quezon,2013-05-01,0.0
1909,Quezon,2013-06-01,0.0
1910,Quezon,2013-07-01,0.0
1911,Quezon,2013-08-01,50.0
1912,Quezon,2013-09-01,24.585
1913,Quezon,2013-10-01,44.07636363636364
1914,Quezon,2013-11-01,49.160000000000004
1915,Quezon,2013-12-01,49.76814814814815
1916,Quezon,2014-01-01,46.75699999999999
1917,Quezon,2014-02-01,53.127599999999994
1918,Quezon,2014-03-01,45.59
1919,Quezon,2014-04-01,0.0
1920,Quezon,2014-05-01,0.0
1921,Quezon,2014-06-01,0.0
1922,Quezon,2014-07-01,0.0
1923,Quezon,2014-08-01,40.625
1924,Quezon,2014-09-01,46.392051282051284
1925,Quezon,2014-10-01,39.399230769230776
1926,Quezon,2014-11-01,38.45625
1927,Quezon,2014-12-01,39.313809523809525
1928,Quezon,2015-01-01,30.969545454545457
1929,Quezon,2015-02-01,30.923076923076923
1930,Quezon,2015-03-01,65.0
1931,Quezon,2015-04-01,0.0
1932,Quezon,2015-05-01,0.0
1933,Quezon,2015-06-01,25.51533333333333
1934,Quezon,2015-07-01,33.74239130434783
1935,Quezon,2015-08-01,38.758636363636356
1936,Quezon,2015-09-01,42.60770833333334
1937,Quezon,2015-10-01,38.196764705882366
1938,Quezon,2015-11-01,32.36379310344827
1939,Quezon,2015-12-01,34.37419354838708
1940,Quezon,2016-01-01,39.335384615384605
1941,Quezon,2016-02-01,35.66738095238095
1942,Quezon,2016-03-01,25.578979591836738
1943,Rizal,2013-01-01,37.5
1944,Rizal,2013-02-01,0.0
1945,Rizal,2013-03-01,31.43
1946,Rizal,2013-04-01,0.0
1947,Rizal,2013-05-01,0.0
1948,Rizal,2013-06-01,0.0
1949,Rizal,2013-07-01,5.0
1950,Rizal,2013-08-01,0.0
1951,Rizal,2013-09-01,56.25
1952,Rizal,2013-10-01,38.204736842105255
1953,Rizal,2013-11-01,38.26625000000001
1954,Rizal,2013-12-01,36.99111111111111
1955,Rizal,2014-01-01,29.61999999999999
1956,Rizal,2014-02-01,29.763181818181828
1957,Rizal,2014-03-01,32.21272727272727
1958,Rizal,2014-04-01,0.0
1959,Rizal,2014-05-01,0.0
1960,Rizal,2014-06-01,42.31
1961,Rizal,2014-07-01,32.06699999999999
1962,Rizal,2014-08-01,27.389259259259266
1963,Rizal,2014-09-01,26.19609756097561
1964,Rizal,2014-10-01,21.8865625
1965,Rizal,2014-11-01,22.725882352941184
1966,Rizal,2014-12-01,18.388181818181817
1967,Rizal,2015-01-01,27.195416666666663
1968,Rizal,2015-02-01,15.625454545454545
1969,Rizal,2015-03-01,14.666666666666666
1970,Rizal,2015-04-01,0.0
1971,Rizal,2015-05-01,0.0
1972,Rizal,2015-06-01,20.83
1973,Rizal,2015-07-01,15.824117647058824
1974,Rizal,2015-08-01,22.077435897435898
1975,Rizal,2015-09-01,23.07275
1976,Rizal,2015-10-01,21.57837837837838
1977,Rizal,2015-11-01,18.32620689655172
1978,Rizal,2015-12-01,18.18633333333333
1979,Rizal,2016-01-01,20.894482758620686
1980,Rizal,2016-02-01,18.240000000000002
1981,Rizal,2016-03-01,9.268846153846154
1982,Rizal,2016-04-01,11.402
1983,Rizal,2016-05-01,12.542
1984,Rizal,2016-06-01,9.565
1985,Rizal,2016-07-01,20.66333333333333
1986,Samar,2013-01-01,0.0
1987,Samar,2013-02-01,0.0
1988,Samar,2013-03-01,0.0
1989,Samar,2013-04-01,0.0
1990,Samar,2013-05-01,0.0
1991,Samar,2013-06-01,0.0
1992,Samar,2013-07-01,0.0
1993,Samar,2013-08-01,0.0
1994,Samar,2013-09-01,0.0
1995,Samar,2013-10-01,0.0
1996,Samar,2013-11-01,0.0
1997,Samar,2013-12-01,0.0
1998,Samar,2014-01-01,0.0
1999,Samar,2014-02-01,0.0
2000,Samar,2014-03-01,0.0
2001,Samar,2014-04-01,0.0
2002,Samar,2014-05-01,0.0
2003,Samar,2014-06-01,0.0
2004,Samar,2014-07-01,0.0
2005,Samar,2014-08-01,5.0
2006,Samar,2014-09-01,20.0
2007,Samar,2014-10-01,22.5
2008,Samar,2014-11-01,10.0
2009,Samar,2014-12-01,20.0
2010,Samar,2015-01-01,0.0
2011,Samar,2015-02-01,20.0
2012,Samar,2015-03-01,0.0
2013,Samar,2015-04-01,0.0
2014,Samar,2015-05-01,0.0
2015,Samar,2015-06-01,20.0
2016,Samar,2015-07-01,46.0
2017,Samar,2015-08-01,36.666666666666664
2018,Samar,2015-09-01,45.0
2019,Samar,2015-10-01,47.5
2020,Samar,2015-11-01,20.0
2021,Samar,2015-12-01,14.0
2022,Samar,2016-01-01,0.0
2023,Samar,2016-02-01,20.0
2024,Samar,2016-03-01,10.0
2025,Siquijor,2013-01-01,0.0
2026,Siquijor,2013-02-01,0.0
2027,Siquijor,2013-03-01,0.0
2028,Siquijor,2013-04-01,0.0
2029,Siquijor,2013-05-01,0.0
2030,Siquijor,2013-06-01,0.0
2031,Siquijor,2013-07-01,15.38
2032,Siquijor,2013-08-01,0.0
2033,Siquijor,2013-09-01,0.0
2034,Siquijor,2013-10-01,0.0
2035,Siquijor,2013-11-01,0.0
2036,Siquijor,2013-12-01,50.0
2037,Siquijor,2014-01-01,55.212500000000006
2038,Siquijor,2014-02-01,44.346666666666664
2039,Siquijor,2014-03-01,62.5
2040,Siquijor,2014-04-01,0.0
2041,Siquijor,2014-05-01,0.0
2042,Siquijor,2014-06-01,50.0
2043,Siquijor,2014-07-01,50.77333333333333
2044,Siquijor,2014-08-01,65.41874999999999
2045,Siquijor,2014-09-01,65.842
2046,Siquijor,2014-10-01,80.28333333333333
2047,Siquijor,2014-11-01,77.82
2048,Siquijor,2014-12-01,87.955
2049,Siquijor,2015-01-01,57.5
2050,Siquijor,2015-02-01,46.25
2051,Siquijor,2015-03-01,35.0
2052,Siquijor,2015-04-01,0.0
2053,Siquijor,2015-05-01,0.0
2054,Siquijor,2015-06-01,90.91
2055,Siquijor,2015-07-01,95.99857142857142
2056,Siquijor,2015-08-01,85.97875
2057,Siquijor,2015-09-01,81.43625
2058,Siquijor,2015-10-01,91.78999999999999
2059,Siquijor,2015-11-01,92.85833333333333
2060,Siquijor,2015-12-01,79.866
2061,Siquijor,2016-01-01,78.56
2062,Siquijor,2016-02-01,83.42125
2063,Siquijor,2016-03-01,73.35875
2064,Sorsogon,2013-01-01,0.0
2065,Sorsogon,2013-02-01,0.0
2066,Sorsogon,2013-03-01,0.0
2067,Sorsogon,2013-04-01,0.0
2068,Sorsogon,2013-05-01,0.0
2069,Sorsogon,2013-06-01,0.0
2070,Sorsogon,2013-07-01,0.0
2071,Sorsogon,2013-08-01,0.0
2072,Sorsogon,2013-09-01,0.0
2073,Sorsogon,2013-10-01,22.5
2074,Sorsogon,2013-11-01,12.1
2075,Sorsogon,2013-12-01,21.618333333333336
2076,Sorsogon,2014-01-01,21.582
2077,Sorsogon,2014-02-01,29.17875
2078,Sorsogon,2014-03-01,28.349999999999998
2079,Sorsogon,2014-04-01,0.0
2080,Sorsogon,2014-05-01,0.0
2081,Sorsogon,2014-06-01,0.0
2082,Sorsogon,2014-07-01,3.07
2083,Sorsogon,2014-08-01,10.549999999999999
2084,Sorsogon,2014-09-01,18.895384615384618
2085,Sorsogon,2014-10-01,38.79222222222223
2086,Sorsogon,2014-11-01,32.58307692307692
2087,Sorsogon,2014-12-01,31.71
2088,Sorsogon,2015-01-01,34.42454545454546
2089,Sorsogon,2015-02-01,36.924375000000005
2090,Sorsogon,2015-03-01,35.04909090909091
2091,Sorsogon,2015-04-01,18.375
2092,Sorsogon,2015-05-01,14.21
2093,Sorsogon,2015-06-01,76.67
2094,Sorsogon,2015-07-01,0.0
2095,Sorsogon,2015-08-01,17.484
2096,Sorsogon,2015-09-01,11.33222222222222
2097,Sorsogon,2015-10-01,13.856666666666667
2098,Sorsogon,2015-11-01,16.69333333333333
2099,Sorsogon,2015-12-01,12.35
2100,Sorsogon,2016-01-01,10.544444444444444
2101,Sorsogon,2016-02-01,40.284444444444446
2102,Sorsogon,2016-03-01,26.2
2103,Sorsogon,2016-06-01,67.28666666666668
2104,Sorsogon,2016-07-01,27.81
2105,Sorsogon,2016-08-01,19.178461538461537
2106,Sorsogon,2016-09-01,21.57181818181818
2107,Sorsogon,2016-10-01,10.356250000000001
2108,Sorsogon,2016-11-01,32.980714285714285
2109,Sorsogon,2016-12-01,25.3225
2110,Sorsogon,2017-01-01,29.540625
2111,Sorsogon,2017-02-01,29.833846153846157
2112,Sorsogon,2017-03-01,23.046666666666667
2113,Sorsogon,2017-06-01,18.6975
2114,Sorsogon,2017-07-01,25.921111111111106
2115,Sorsogon,2017-08-01,27.1625
2116,Sorsogon,2017-09-01,21.31
2117,Sorsogon,2017-10-01,20.0
2118,Sorsogon,2018-01-01,30.9
2119,Sorsogon,2018-02-01,36.11
2120,Sorsogon,2018-06-01,11.52
2121,Sorsogon,2018-07-01,18.235
2122,Sorsogon,2018-08-01,18.950833333333332
2123,Sorsogon,2018-09-01,18.078181818181818
2124,Sorsogon,2018-10-01,16.225
2125,Southern Leyte,2013-01-01,0.0
2126,Southern Leyte,2013-02-01,0.0
2127,Southern Leyte,2013-03-01,0.0
2128,Southern Leyte,2013-04-01,0.0
2129,Southern Leyte,2013-05-01,0.0
2130,Southern Leyte,2013-06-01,0.0
2131,Southern Leyte,2013-07-01,0.0
2132,Southern Leyte,2013-08-01,0.0
2133,Southern Leyte,2013-09-01,0.0
2134,Southern Leyte,2013-10-01,0.0
2135,Southern Leyte,2013-11-01,16.676666666666666
2136,Southern Leyte,2013-12-01,29.55
2137,Southern Leyte,2014-01-01,22.73
2138,Southern Leyte,2014-02-01,18.603333333333335
2139,Southern Leyte,2014-03-01,0.0
2140,Southern Leyte,2014-04-01,0.0
2141,Southern Leyte,2014-05-01,0.0
2142,Southern Leyte,2014-06-01,0.0
2143,Southern Leyte,2014-07-01,11.54
2144,Southern Leyte,2014-08-01,5.56
2145,Southern Leyte,2014-09-01,0.0
2146,Southern Leyte,2014-10-01,13.46625
2147,Southern Leyte,2014-11-01,30.891428571428577
2148,Southern Leyte,2014-12-01,34.775999999999996
2149,Southern Leyte,2015-01-01,71.0
2150,Southern Leyte,2015-02-01,47.666666666666664
2151,Southern Leyte,2015-03-01,5.0
2152,Southern Leyte,2015-04-01,0.0
2153,Southern Leyte,2015-05-01,0.0
2154,Southern Leyte,2015-06-01,23.685000000000002
2155,Southern Leyte,2015-07-01,45.58111111111111
2156,Southern Leyte,2015-08-01,50.042500000000004
2157,Southern Leyte,2015-09-01,53.74999999999999
2158,Southern Leyte,2015-10-01,63.40874999999999
2159,Southern Leyte,2015-11-01,48.91857142857144
2160,Southern Leyte,2015-12-01,30.873333333333335
2161,Southern Leyte,2016-01-01,36.45428571428571
2162,Southern Leyte,2016-02-01,27.106666666666666
2163,Southern Leyte,2016-03-01,14.64
2164,Tarlac,2012-09-01,71.0
2165,Tarlac,2013-01-01,0.0
2166,Tarlac,2013-02-01,0.0
2167,Tarlac,2013-03-01,0.0
2168,Tarlac,2013-04-01,0.0
2169,Tarlac,2013-05-01,0.0
2170,Tarlac,2013-06-01,0.0
2171,Tarlac,2013-07-01,0.0
2172,Tarlac,2013-08-01,0.0
2173,Tarlac,2013-09-01,0.0
2174,Tarlac,2013-10-01,0.0
2175,Tarlac,2013-11-01,0.0
2176,Tarlac,2013-12-01,0.0
2177,Tarlac,2014-01-01,30.355
2178,Tarlac,2014-02-01,22.048750000000002
2179,Tarlac,2014-03-01,0.0
2180,Tarlac,2014-04-01,0.0
2181,Tarlac,2014-05-01,0.0
2182,Tarlac,2014-06-01,17.221666666666668
2183,Tarlac,2014-07-01,13.534285714285712
2184,Tarlac,2014-08-01,14.698125
2185,Tarlac,2014-09-01,18.18736842105264
2186,Tarlac,2014-10-01,16.989374999999995
2187,Tarlac,2014-11-01,8.114666666666666
2188,Tarlac,2014-12-01,3.33
2189,Tarlac,2015-01-01,14.215
2190,Tarlac,2015-02-01,10.5
2191,Tarlac,2015-03-01,7.0
2192,Tarlac,2015-04-01,0.0
2193,Tarlac,2015-05-01,0.0
2194,Tarlac,2015-06-01,18.562857142857144
2195,Tarlac,2015-07-01,23.632105263157897
2196,Tarlac,2015-08-01,16.785555555555554
2197,Tarlac,2015-09-01,15.091333333333333
2198,Tarlac,2015-10-01,14.70142857142857
2199,Tarlac,2015-11-01,6.234375
2200,Tarlac,2015-12-01,4.753
2201,Tarlac,2016-01-01,9.051111111111112
2202,Tarlac,2016-02-01,8.274545454545454
2203,Tarlac,2016-03-01,7.619999999999999
2204,Zambales,2013-01-01,0.0
2205,Zambales,2013-02-01,0.0
2206,Zambales,2013-03-01,0.0
2207,Zambales,2013-04-01,0.0
2208,Zambales,2013-05-01,0.0
2209,Zambales,2013-06-01,0.0
2210,Zambales,2013-07-01,0.0
2211,Zambales,2013-08-01,0.0
2212,Zambales,2013-09-01,0.0
2213,Zambales,2013-10-01,14.58
2214,Zambales,2013-11-01,12.71111111111111
2215,Zambales,2013-12-01,16.045
2216,Zambales,2014-01-01,3.885
2217,Zambales,2014-02-01,4.566666666666666
2218,Zambales,2014-03-01,0.0
2219,Zambales,2014-04-01,0.0
2220,Zambales,2014-05-01,0.0
2221,Zambales,2014-06-01,0.0
2222,Zambales,2014-07-01,18.60888888888889
2223,Zambales,2014-08-01,41.74916666666667
2224,Zambales,2014-09-01,35.144
2225,Zambales,2014-10-01,28.654615384615383
2226,Zambales,2014-11-01,27.54272727272727
2227,Zambales,2014-12-01,18.2
2228,Zambales,2015-01-01,6.5
2229,Zambales,2015-02-01,10.0
2230,Zambales,2015-03-01,6.0
2231,Zambales,2015-04-01,0.0
2232,Zambales,2015-05-01,0.0
2233,Zambales,2015-06-01,11.421666666666667
2234,Zambales,2015-07-01,40.44777777777777
2235,Zambales,2015-08-01,48.869285714285716
2236,Zambales,2015-09-01,53.67055555555555
2237,Zambales,2015-10-01,62.349999999999994
2238,Zambales,2015-11-01,51.266
2239,Zambales,2015-12-01,38.26
2240,Zambales,2016-01-01,42.579
2241,Zambales,2016-02-01,41.03846153846154
2242,Zambales,2016-03-01,59.11
2243,Zambales,2016-06-01,100.0
2244,Zambales,2016-07-01,90.155
2245,Zamboanga Sibugay,2012-07-01,25.0
2246,Zamboanga Sibugay,2013-01-01,0.0
2247,Zamboanga Sibugay,2013-02-01,0.0
2248,Zamboanga Sibugay,2013-03-01,0.0
2249,Zamboanga Sibugay,2013-04-01,0.0
2250,Zamboanga Sibugay,2013-05-01,0.0
2251,Zamboanga Sibugay,2013-06-01,0.0
2252,Zamboanga Sibugay,2013-07-01,50.0
2253,Zamboanga Sibugay,2013-08-01,0.0
2254,Zamboanga Sibugay,2013-09-01,0.0
2255,Zamboanga Sibugay,2013-10-01,41.27
2256,Zamboanga Sibugay,2013-11-01,0.0
2257,Zamboanga Sibugay,2013-12-01,0.0
2258,Zamboanga Sibugay,2014-01-01,50.31
2259,Zamboanga Sibugay,2014-02-01,49.762499999999996
2260,Zamboanga Sibugay,2014-03-01,38.42
2261,Zamboanga Sibugay,2014-04-01,0.0
2262,Zamboanga Sibugay,2014-05-01,0.0
2263,Zamboanga Sibugay,2014-06-01,47.233333333333334
2264,Zamboanga Sibugay,2014-07-01,53.909375000000004
2265,Zamboanga Sibugay,2014-08-01,54.73083333333333
2266,Zamboanga Sibugay,2014-09-01,67.60187499999999
2267,Zamboanga Sibugay,2014-10-01,59.18222222222224
2268,Zamboanga Sibugay,2014-11-01,51.05888888888889
2269,Zamboanga Sibugay,2014-12-01,39.89833333333333
2270,Zamboanga Sibugay,2015-01-01,46.818
2271,Zamboanga Sibugay,2015-02-01,49.375
2272,Zamboanga Sibugay,2015-03-01,62.166666666666664
2273,Zamboanga Sibugay,2015-04-01,0.0
2274,Zamboanga Sibugay,2015-05-01,0.0
2275,Zamboanga Sibugay,2015-06-01,32.696666666666665
2276,Zamboanga Sibugay,2015-07-01,58.275
2277,Zamboanga Sibugay,2015-08-01,58.71307692307692
2278,Zamboanga Sibugay,2015-09-01,55.674666666666674
2279,Zamboanga Sibugay,2015-10-01,51.01142857142857
2280,Zamboanga Sibugay,2015-11-01,42.2109090909091
2281,Zamboanga Sibugay,2015-12-01,57.757999999999996
2282,Zamboanga Sibugay,2016-01-01,46.9809090909091
2283,Zamboanga Sibugay,2016-02-01,46.17583333333334
2284,Zamboanga Sibugay,2016-03-01,63.5225
2285,Zamboanga Sibugay,2016-04-01,70.59
2286,Zamboanga Sibugay,2016-06-01,76.11
2287,Zamboanga Sibugay,2016-07-01,84.8275
2288,Zamboanga del Norte,2013-01-01,0.0
2289,Zamboanga del Norte,2013-02-01,0.0
2290,Zamboanga del Norte,2013-03-01,0.0
2291,Zamboanga del Norte,2013-04-01,0.0
2292,Zamboanga del Norte,2013-05-01,0.0
2293,Zamboanga del Norte,2013-06-01,0.0
2294,Zamboanga del Norte,2013-07-01,0.0
2295,Zamboanga del Norte,2013-08-01,0.0
2296,Zamboanga del Norte,2013-09-01,71.43
2297,Zamboanga del Norte,2013-10-01,0.0
2298,Zamboanga del Norte,2013-11-01,0.0
2299,Zamboanga del Norte,2013-12-01,64.525
2300,Zamboanga del Norte,2014-01-01,34.38666666666666
2301,Zamboanga del Norte,2014-02-01,36.245000000000005
2302,Zamboanga del Norte,2014-03-01,28.21
2303,Zamboanga del Norte,2014-04-01,0.0
2304,Zamboanga del Norte,2014-05-01,0.0
2305,Zamboanga del Norte,2014-06-01,43.64166666666667
2306,Zamboanga del Norte,2014-07-01,58.68222222222222
2307,Zamboanga del Norte,2014-08-01,60.94631578947369
2308,Zamboanga del Norte,2014-09-01,37.13869565217392
2309,Zamboanga del Norte,2014-10-01,39.18826086956521
2310,Zamboanga del Norte,2014-11-01,38.854375000000005
2311,Zamboanga del Norte,2014-12-01,33.474545454545456
2312,Zamboanga del Norte,2015-01-01,25.522
2313,Zamboanga del Norte,2015-02-01,29.166666666666668
2314,Zamboanga del Norte,2015-03-01,19.363333333333333
2315,Zamboanga del Norte,2015-04-01,0.0
2316,Zamboanga del Norte,2015-05-01,0.0
2317,Zamboanga del Norte,2015-06-01,30.482499999999998
2318,Zamboanga del Norte,2015-07-01,45.236999999999995
2319,Zamboanga del Norte,2015-08-01,45.71321428571428
2320,Zamboanga del Norte,2015-09-01,41.997187499999995
2321,Zamboanga del Norte,2015-10-01,37.42125000000001
2322,Zamboanga del Norte,2015-11-01,32.329090909090915
2323,Zamboanga del Norte,2015-12-01,28.21666666666667
2324,Zamboanga del Norte,2016-01-01,23.599600000000006
2325,Zamboanga del Norte,2016-02-01,20.00576923076923
2326,Zamboanga del Norte,2016-03-01,10.965625
2327,Zamboanga del Norte,2016-06-01,7.145
2328,Zamboanga del Norte,2016-07-01,5.3575
2329,Zamboanga del Norte,2016-08-01,12.915
2330,Zamboanga del Norte,2016-09-01,3.5725
2331,Zamboanga del Sur,2013-01-01,0.0
2332,Zamboanga del Sur,2013-02-01,0.0
2333,Zamboanga del Sur,2013-03-01,0.0
2334,Zamboanga del Sur,2013-04-01,0.0
2335,Zamboanga del Sur,2013-05-01,0.0
2336,Zamboanga del Sur,2013-06-01,0.0
2337,Zamboanga del Sur,2013-07-01,0.0
2338,Zamboanga del Sur,2013-08-01,0.0
2339,Zamboanga del Sur,2013-09-01,66.66666666666667
2340,Zamboanga del Sur,2013-10-01,100.0
2341,Zamboanga del Sur,2013-11-01,90.7975
2342,Zamboanga del Sur,2013-12-01,100.0
2343,Zamboanga del Sur,2014-01-01,67.0
2344,Zamboanga del Sur,2014-02-01,40.0
2345,Zamboanga del Sur,2014-03-01,0.0
2346,Zamboanga del Sur,2014-04-01,0.0
2347,Zamboanga del Sur,2014-05-01,0.0
2348,Zamboanga del Sur,2014-06-01,69.395
2349,Zamboanga del Sur,2014-07-01,72.54473684210527
2350,Zamboanga del Sur,2014-08-01,62.92235294117646
2351,Zamboanga del Sur,2014-09-01,57.894999999999996
2352,Zamboanga del Sur,2014-10-01,68.62409090909092
2353,Zamboanga del Sur,2014-11-01,66.2078947368421
2354,Zamboanga del Sur,2014-12-01,65.31272727272727
2355,Zamboanga del Sur,2015-01-01,59.095238095238095
2356,Zamboanga del Sur,2015-02-01,47.857142857142854
2357,Zamboanga del Sur,2015-03-01,58.30769230769231
2358,Zamboanga del Sur,2015-04-01,0.0
2359,Zamboanga del Sur,2015-05-01,0.0
2360,Zamboanga del Sur,2015-06-01,68.75
2361,Zamboanga del Sur,2015-07-01,42.601666666666674
2362,Zamboanga del Sur,2015-08-01,33.35814814814815
2363,Zamboanga del Sur,2015-09-01,43.353571428571435
2364,Zamboanga del Sur,2015-10-01,42.74956521739131
2365,Zamboanga del Sur,2015-11-01,33.430555555555564
2366,Zamboanga del Sur,2015-12-01,36.68733333333333
2367,Zamboanga del Sur,2016-01-01,34.85375
2368,Zamboanga del Sur,2016-02-01,27.846315789473685
2369,Zamboanga del Sur,2016-03-01,8.335384615384616
2370,Zamboanga del Sur,2016-06-01,19.875
2371,Zamboanga del Sur,2016-07-01,52.379999999999995
2372,Zamboanga del Sur,2016-11-01,22.62
2373,Zamboanga del Sur,2017-01-01,10.715
