adm,date,value
Abra,2014-01-01,8.335
Abra,2014-02-01,35.0
Abra,2014-03-01,19.753999999999998
Abra,2014-06-01,50.0
Abra,2014-07-01,8.453333333333333
Abra,2014-08-01,40.84047619047618
Abra,2014-09-01,50.0251724137931
Abra,2014-10-01,47.10870967741935
Abra,2014-11-01,36.61285714285714
Abra,2014-12-01,32.65083333333333
Abra,2015-01-01,41.898947368421055
Abra,2015-02-01,39.035714285714285
Abra,2015-03-01,44.053333333333335
Abra,2015-04-01,30.3
Abra,2015-05-01,43.0
Abra,2015-06-01,51.556875
Abra,2015-07-01,58.84631578947368
Abra,2015-08-01,68.0336842105263
Abra,2015-09-01,55.12785714285715
Abra,2015-10-01,47.926315789473676
Abra,2015-11-01,47.62255813953489
Abra,2015-12-01,52.83058823529411
Abra,2016-01-01,39.824444444444445
Abra,2016-02-01,48.064499999999995
Abra,2016-03-01,45.89060606060605
Agusan del Norte,2014-08-01,93.75
Agusan del Norte,2014-09-01,96.66499999999999
Agusan del Norte,2014-10-01,80.0
Agusan del Norte,2014-11-01,63.332499999999996
Agusan del Norte,2014-12-01,63.335
Agusan del Norte,2015-01-01,56.375
Agusan del Norte,2015-02-01,56.8
Agusan del Norte,2015-03-01,47.0
Agusan del Norte,2015-08-01,31.580000000000002
Agusan del Norte,2015-09-01,47.365
Agusan del Norte,2015-10-01,45.61333333333334
Agusan del Norte,2015-11-01,63.1575
Agusan del Norte,2015-12-01,45.61333333333334
Agusan del Norte,2016-02-01,75.0
Albay,2012-07-01,22.4
Albay,2013-06-01,40.0
Albay,2013-10-01,22.514999999999997
Albay,2013-11-01,44.948
Albay,2013-12-01,48.77333333333334
Albay,2014-01-01,37.76923076923077
Albay,2014-02-01,42.6235294117647
Albay,2014-03-01,39.404999999999994
Albay,2014-06-01,31.994999999999997
Albay,2014-07-01,36.394999999999996
Albay,2014-08-01,33.45444444444445
Albay,2014-09-01,39.410000000000025
Albay,2014-10-01,39.87166666666667
Albay,2014-11-01,41.49826086956522
Albay,2014-12-01,48.257200000000005
Albay,2015-01-01,37.337
Albay,2015-02-01,39.208999999999996
Albay,2015-03-01,40.43478260869565
Albay,2015-04-01,19.360000000000003
Albay,2015-05-01,18.623333333333335
Albay,2015-07-01,41.3
Albay,2015-08-01,35.1796
Albay,2015-09-01,37.68173076923077
Albay,2015-10-01,40.02795454545454
Albay,2015-11-01,38.322307692307696
Albay,2015-12-01,44.242926829268285
Albay,2016-01-01,40.42933333333334
Albay,2016-02-01,45.023924050632914
Albay,2016-03-01,44.32880952380954
Albay,2016-06-01,18.581666666666667
Albay,2016-07-01,34.81470588235294
Albay,2016-08-01,43.26852941176472
Albay,2016-09-01,42.02959183673469
Albay,2016-10-01,41.334827586206885
Albay,2016-11-01,35.05825
Albay,2016-12-01,26.80111111111111
Albay,2017-01-01,28.653235294117643
Albay,2017-02-01,28.23880952380952
Albay,2017-03-01,29.980833333333326
Albay,2017-04-01,7.89
Albay,2017-06-01,23.12307692307692
Albay,2017-07-01,28.656976744186053
Albay,2017-08-01,31.679393939393943
Albay,2017-09-01,30.818571428571428
Albay,2017-10-01,24.35071428571428
Albay,2017-11-01,23.155555555555555
Albay,2017-12-01,22.1
Albay,2018-01-01,29.60904761904762
Albay,2018-02-01,25.38090909090909
Albay,2018-06-01,24.854
Albay,2018-07-01,25.16886363636364
Albay,2018-08-01,26.748
Albay,2018-09-01,27.29619047619048
Albay,2018-10-01,24.814999999999998
Albay,2019-07-01,33.0
Apayao,2014-09-01,55.32
Apayao,2014-10-01,26.671428571428574
Apayao,2014-11-01,49.580000000000005
Apayao,2014-12-01,37.5
Apayao,2015-01-01,51.87428571428571
Apayao,2015-02-01,33.61875
Apayao,2015-03-01,41.96875000000001
Apayao,2015-04-01,31.5
Apayao,2015-05-01,50.0
Apayao,2015-06-01,20.0
Apayao,2015-07-01,19.905714285714286
Apayao,2015-08-01,40.3575
Apayao,2015-09-01,42.82099999999999
Apayao,2015-10-01,31.091428571428573
Apayao,2015-11-01,27.415
Apayao,2015-12-01,38.804
Apayao,2016-01-01,31.106666666666666
Apayao,2016-02-01,35.152857142857144
Apayao,2016-03-01,34.96333333333333
Aurora,2013-10-01,31.113333333333333
Aurora,2013-11-01,30.0
Aurora,2013-12-01,23.89
Aurora,2014-01-01,24.064999999999998
Aurora,2014-02-01,45.7125
Aurora,2014-03-01,71.78
Aurora,2014-06-01,22.35625
Aurora,2014-07-01,43.53764705882354
Aurora,2014-08-01,32.785000000000004
Aurora,2014-09-01,34.92136363636364
Aurora,2014-10-01,29.162
Aurora,2014-11-01,20.093571428571426
Aurora,2014-12-01,3.705
Aurora,2015-01-01,38.91285714285714
Aurora,2015-02-01,38.857142857142854
Aurora,2015-03-01,45.833333333333336
Aurora,2015-04-01,78.0
Aurora,2015-05-01,76.5
Aurora,2015-06-01,56.852
Aurora,2015-07-01,45.00714285714285
Aurora,2015-08-01,48.67199999999999
Aurora,2015-09-01,37.833684210526314
Aurora,2015-10-01,41.75153846153846
Aurora,2015-11-01,37.21666666666667
Aurora,2015-12-01,38.053999999999995
Aurora,2016-01-01,28.689166666666665
Aurora,2016-02-01,29.991666666666664
Aurora,2016-03-01,28.13444444444444
Bataan,2012-10-01,38.0
Bataan,2013-01-01,14.5
Bataan,2013-09-01,0.0
Bataan,2013-10-01,2.0825
Bataan,2013-11-01,26.665999999999997
Bataan,2013-12-01,51.668000000000006
Bataan,2014-01-01,39.836666666666666
Bataan,2014-02-01,43.0290909090909
Bataan,2014-03-01,78.57
Bataan,2014-06-01,13.240555555555554
Bataan,2014-07-01,39.186
Bataan,2014-08-01,36.57678571428571
Bataan,2014-09-01,35.04973684210527
Bataan,2014-10-01,23.579729729729728
Bataan,2014-11-01,23.84264705882353
Bataan,2014-12-01,25.57888888888889
Bataan,2015-01-01,36.0
Bataan,2015-02-01,39.266666666666666
Bataan,2015-03-01,31.213846153846152
Bataan,2015-04-01,18.0
Bataan,2015-05-01,18.0
Bataan,2015-06-01,37.098
Bataan,2015-07-01,41.65487179487179
Bataan,2015-08-01,43.64891891891891
Bataan,2015-09-01,34.20249999999999
Bataan,2015-10-01,32.28617647058824
Bataan,2015-11-01,30.36129032258065
Bataan,2015-12-01,26.66291666666667
Bataan,2016-01-01,30.27307692307692
Bataan,2016-02-01,27.857187499999995
Bataan,2016-03-01,24.013529411764704
Bataan,2016-04-01,15.0
Bataan,2016-05-01,16.5
Batangas,2013-09-01,5.056666666666667
Batangas,2013-10-01,27.017358490566043
Batangas,2013-11-01,32.849661016949156
Batangas,2013-12-01,22.78244444444444
Batangas,2014-01-01,27.765671641791045
Batangas,2014-02-01,27.092127659574462
Batangas,2014-03-01,22.22913043478261
Batangas,2014-04-01,21.02
Batangas,2014-05-01,5.264285714285713
Batangas,2014-06-01,19.888333333333335
Batangas,2014-07-01,16.151875
Batangas,2014-08-01,17.126981132075468
Batangas,2014-09-01,20.255338983050848
Batangas,2014-10-01,16.168725490196078
Batangas,2014-11-01,21.18328358208955
Batangas,2014-12-01,22.856666666666666
Batangas,2015-01-01,19.650714285714287
Batangas,2015-02-01,29.7
Batangas,2015-03-01,23.125
Batangas,2015-06-01,25.381
Batangas,2015-07-01,29.573700000000002
Batangas,2015-08-01,33.70247311827957
Batangas,2015-09-01,30.297238095238097
Batangas,2015-10-01,32.3328735632184
Batangas,2015-11-01,30.988732394366203
Batangas,2015-12-01,22.86287878787878
Batangas,2016-01-01,28.132432432432427
Batangas,2016-02-01,27.24345238095238
Batangas,2016-03-01,28.01849999999998
Batangas,2016-04-01,4.7
Batangas,2016-06-01,28.3
Batangas,2016-07-01,55.754999999999995
Batangas,2016-08-01,61.37833333333333
Batangas,2016-09-01,62.18
Batangas,2016-10-01,56.595
Batangas,2016-11-01,51.6
Benguet,2014-03-01,14.575999999999999
Benguet,2014-04-01,78.858
Benguet,2014-05-01,100.0
Benguet,2014-06-01,38.19500000000001
Benguet,2014-07-01,57.40833333333334
Benguet,2014-08-01,34.53428571428571
Benguet,2014-09-01,39.73222222222222
Benguet,2014-10-01,28.97666666666667
Benguet,2014-11-01,21.622
Benguet,2015-01-01,25.666666666666668
Benguet,2015-02-01,22.0
Benguet,2015-03-01,16.333333333333332
Benguet,2015-04-01,15.75
Benguet,2015-05-01,33.0
Benguet,2015-06-01,9.72
Benguet,2015-07-01,21.874
Benguet,2015-08-01,16.574444444444442
Benguet,2015-09-01,19.44375
Benguet,2015-10-01,38.765
Benguet,2015-11-01,5.555
Benguet,2016-01-01,14.814444444444442
Benguet,2016-02-01,8.024444444444445
Benguet,2016-03-01,9.26
Benguet,2016-04-01,17.593333333333334
Benguet,2016-07-01,18.025
Bohol,2013-07-01,37.5
Bohol,2013-08-01,29.363333333333333
Bohol,2013-09-01,35.595
Bohol,2013-10-01,20.0
Bohol,2013-11-01,18.75
Bohol,2013-12-01,23.75
Bohol,2014-01-01,37.57333333333334
Bohol,2014-02-01,65.9825
Bohol,2014-03-01,78.64625000000001
Bohol,2014-04-01,75.0
Bohol,2014-06-01,51.586666666666666
Bohol,2014-07-01,47.111875
Bohol,2014-08-01,51.00307692307691
Bohol,2014-09-01,55.46142857142857
Bohol,2014-10-01,52.65809523809524
Bohol,2014-11-01,47.18079999999999
Bohol,2014-12-01,44.79588235294118
Bohol,2015-01-01,43.25
Bohol,2015-02-01,36.705882352941174
Bohol,2015-03-01,30.818181818181817
Bohol,2015-06-01,35.1175
Bohol,2015-07-01,65.05416666666666
Bohol,2015-08-01,73.8075
Bohol,2015-09-01,80.7548
Bohol,2015-10-01,70.918
Bohol,2015-11-01,69.05555555555556
Bohol,2015-12-01,57.306363636363635
Bohol,2016-01-01,67.84
Bohol,2016-02-01,74.02631578947367
Bohol,2016-03-01,71.47625
Bohol,2016-07-01,77.78
Bukidnon,2014-08-01,37.370000000000005
Bukidnon,2014-09-01,33.836666666666666
Bukidnon,2014-10-01,56.44
Bukidnon,2014-11-01,100.0
Bukidnon,2014-12-01,100.0
Bukidnon,2015-03-01,46.0
Bukidnon,2015-07-01,53.34277777777779
Bukidnon,2015-08-01,54.841499999999996
Bukidnon,2015-09-01,52.56916666666667
Bukidnon,2015-10-01,46.42789473684211
Bukidnon,2015-11-01,51.998000000000005
Bukidnon,2015-12-01,47.724375
Bukidnon,2016-01-01,42.30823529411765
Bukidnon,2016-02-01,38.253
Bukidnon,2016-03-01,28.57565217391304
Bukidnon,2016-06-01,34.358
Bukidnon,2016-07-01,60.04875
Bukidnon,2016-08-01,58.674
Bukidnon,2016-09-01,62.07
Bukidnon,2016-10-01,36.519999999999996
Bukidnon,2016-11-01,46.66583333333333
Bukidnon,2016-12-01,52.242
Bukidnon,2017-01-01,37.223333333333336
Bukidnon,2017-02-01,36.457499999999996
Bukidnon,2017-03-01,32.83200000000001
Bulacan,2012-06-01,15.665
Bulacan,2012-07-01,16.37
Bulacan,2012-09-01,47.0
Bulacan,2012-10-01,35.0
Bulacan,2012-11-01,14.0
Bulacan,2012-12-01,32.285
Bulacan,2013-01-01,0.0
Bulacan,2013-02-01,14.75
Bulacan,2013-03-01,19.333333333333332
Bulacan,2013-06-01,19.38
Bulacan,2013-07-01,21.746
Bulacan,2013-08-01,14.003
Bulacan,2013-09-01,23.115
Bulacan,2013-10-01,23.630000000000003
Bulacan,2013-11-01,22.091874999999998
Bulacan,2013-12-01,12.6103125
Bulacan,2014-01-01,4.409705882352942
Bulacan,2014-02-01,9.065999999999999
Bulacan,2014-03-01,2.8523333333333336
Bulacan,2014-04-01,1.666
Bulacan,2014-05-01,6.944
Bulacan,2014-06-01,8.924166666666663
Bulacan,2014-07-01,27.06840425531914
Bulacan,2014-08-01,30.023269230769237
Bulacan,2014-09-01,31.711206896551715
Bulacan,2014-10-01,21.376923076923084
Bulacan,2014-11-01,18.21808823529412
Bulacan,2014-12-01,11.003181818181817
Bulacan,2015-01-01,17.68653846153846
Bulacan,2015-02-01,17.375
Bulacan,2015-03-01,24.047619047619047
Bulacan,2015-04-01,30.25
Bulacan,2015-05-01,37.0
Bulacan,2015-06-01,20.200000000000003
Bulacan,2015-07-01,34.082142857142856
Bulacan,2015-08-01,34.67896907216495
Bulacan,2015-09-01,41.718118811881176
Bulacan,2015-10-01,34.95208791208793
Bulacan,2015-11-01,23.49566666666666
Bulacan,2015-12-01,19.923559322033896
Bulacan,2016-01-01,18.535806451612903
Bulacan,2016-02-01,23.804210526315796
Bulacan,2016-03-01,27.69942857142858
Bulacan,2016-04-01,0.0
Camarines Norte,2013-10-01,37.14
Camarines Norte,2013-11-01,22.73
Camarines Norte,2013-12-01,50.0
Camarines Norte,2014-01-01,55.050000000000004
Camarines Norte,2014-02-01,54.167500000000004
Camarines Norte,2014-03-01,50.60600000000001
Camarines Norte,2014-06-01,42.86
Camarines Norte,2014-07-01,41.452
Camarines Norte,2014-08-01,52.75727272727272
Camarines Norte,2014-09-01,59.26181818181818
Camarines Norte,2014-10-01,55.6311111111111
Camarines Norte,2014-11-01,52.485
Camarines Norte,2014-12-01,57.153636363636366
Camarines Norte,2015-01-01,51.03416666666667
Camarines Norte,2015-02-01,48.988749999999996
Camarines Norte,2015-03-01,57.333333333333336
Camarines Norte,2015-04-01,18.316
Camarines Norte,2015-05-01,28.736666666666668
Camarines Norte,2015-07-01,42.86
Camarines Norte,2015-08-01,46.200909090909086
Camarines Norte,2015-09-01,62.38437500000001
Camarines Norte,2015-10-01,71.92800000000001
Camarines Norte,2015-11-01,65.70666666666666
Camarines Norte,2015-12-01,57.52142857142858
Camarines Norte,2016-01-01,69.22307692307693
Camarines Norte,2016-02-01,59.34090909090909
Camarines Norte,2016-03-01,50.55285714285714
Camarines Norte,2016-06-01,55.495000000000005
Camarines Norte,2016-07-01,60.417500000000004
Camarines Norte,2016-08-01,68.3
Camarines Norte,2016-09-01,62.325
Camarines Norte,2016-10-01,59.15
Camarines Norte,2016-11-01,59.667500000000004
Camarines Norte,2016-12-01,60.70666666666667
Camarines Norte,2017-01-01,54.582499999999996
Camarines Norte,2017-02-01,52.542500000000004
Camarines Norte,2017-03-01,52.5
Camarines Norte,2017-04-01,47.36
Camarines Norte,2017-06-01,36.50666666666667
Camarines Norte,2017-07-01,50.06666666666666
Camarines Norte,2017-08-01,41.733000000000004
Camarines Norte,2017-09-01,43.24444444444444
Camarines Norte,2017-10-01,43.781666666666666
Camarines Norte,2017-11-01,52.96666666666667
Camarines Norte,2017-12-01,51.06
Camarines Norte,2018-01-01,84.1275
Camarines Norte,2018-02-01,83.20333333333333
Camarines Norte,2018-06-01,53.23
Camarines Norte,2018-07-01,38.684444444444445
Camarines Norte,2018-08-01,33.49777777777778
Camarines Norte,2018-09-01,48.678999999999995
Camarines Norte,2018-10-01,15.185
Camarines Sur,2013-01-01,5.29
Camarines Sur,2013-06-01,40.0
Camarines Sur,2013-09-01,51.85
Camarines Sur,2013-10-01,54.355
Camarines Sur,2013-11-01,11.136999999999999
Camarines Sur,2013-12-01,17.355
Camarines Sur,2014-01-01,18.345294117647057
Camarines Sur,2014-02-01,12.815000000000001
Camarines Sur,2014-03-01,13.191666666666668
Camarines Sur,2014-06-01,15.02
Camarines Sur,2014-07-01,17.457857142857144
Camarines Sur,2014-08-01,28.16344827586207
Camarines Sur,2014-09-01,25.213124999999994
Camarines Sur,2014-10-01,21.10225806451613
Camarines Sur,2014-11-01,23.66586206896552
Camarines Sur,2014-12-01,21.617499999999996
Camarines Sur,2015-01-01,23.453333333333333
Camarines Sur,2015-02-01,21.008999999999997
Camarines Sur,2015-03-01,14.866666666666667
Camarines Sur,2015-04-01,15.484
Camarines Sur,2015-05-01,16.94
Camarines Sur,2015-07-01,55.513999999999996
Camarines Sur,2015-08-01,33.93615384615384
Camarines Sur,2015-09-01,35.766666666666666
Camarines Sur,2015-10-01,25.62071428571429
Camarines Sur,2015-11-01,27.960714285714285
Camarines Sur,2015-12-01,26.970000000000002
Camarines Sur,2016-01-01,31.59461538461539
Camarines Sur,2016-02-01,25.26315789473685
Camarines Sur,2016-03-01,28.745
Camarines Sur,2016-07-01,43.75
Camarines Sur,2016-08-01,55.11
Camarines Sur,2016-09-01,68.91
Camarines Sur,2016-10-01,60.754999999999995
Camarines Sur,2016-11-01,16.863333333333333
Camarines Sur,2016-12-01,20.256666666666664
Camarines Sur,2017-01-01,12.802000000000001
Camarines Sur,2017-02-01,12.24111111111111
Camarines Sur,2017-03-01,11.068000000000001
Camarines Sur,2017-07-01,4.05
Camarines Sur,2017-08-01,22.337142857142858
Camarines Sur,2017-09-01,12.148
Camarines Sur,2017-10-01,1.8266666666666669
Camarines Sur,2017-11-01,0.0
Camarines Sur,2018-01-01,27.393749999999997
Camarines Sur,2018-02-01,12.663333333333332
Camarines Sur,2018-03-01,3.17
Camarines Sur,2018-06-01,40.0
Camarines Sur,2018-07-01,12.5
Camarines Sur,2018-08-01,31.421875
Camarines Sur,2018-09-01,25.491999999999997
Camarines Sur,2018-10-01,32.08
Catanduanes,2013-10-01,4.35
Catanduanes,2013-12-01,7.69
Catanduanes,2014-01-01,16.573333333333334
Catanduanes,2014-02-01,18.54
Catanduanes,2014-03-01,21.15
Catanduanes,2014-06-01,24.44
Catanduanes,2014-07-01,37.25
Catanduanes,2014-08-01,62.2475
Catanduanes,2014-09-01,62.28833333333333
Catanduanes,2014-10-01,77.194
Catanduanes,2014-11-01,51.028125
Catanduanes,2014-12-01,55.534000000000006
Catanduanes,2015-01-01,37.78181818181818
Catanduanes,2015-02-01,42.13333333333333
Catanduanes,2015-03-01,45.111111111111114
Catanduanes,2015-04-01,16.954
Catanduanes,2015-05-01,16.580000000000002
Catanduanes,2015-06-01,41.107499999999995
Catanduanes,2015-07-01,52.099999999999994
Catanduanes,2015-08-01,34.795384615384606
Catanduanes,2015-09-01,31.961875
Catanduanes,2015-10-01,39.312
Catanduanes,2015-11-01,47.316874999999996
Catanduanes,2015-12-01,51.61571428571428
Catanduanes,2016-01-01,44.06333333333333
Catanduanes,2016-02-01,33.51499999999999
Catanduanes,2016-03-01,44.96083333333334
Catanduanes,2016-06-01,35.276666666666664
Catanduanes,2016-07-01,58.198750000000004
Catanduanes,2016-08-01,70.79583333333333
Catanduanes,2016-09-01,51.568749999999994
Catanduanes,2016-10-01,51.755
Catanduanes,2016-11-01,73.31125
Catanduanes,2016-12-01,59.60166666666667
Catanduanes,2017-01-01,37.651428571428575
Catanduanes,2017-02-01,47.68333333333334
Catanduanes,2017-03-01,53.396249999999995
Catanduanes,2017-04-01,70.875
Catanduanes,2017-06-01,16.566
Catanduanes,2017-07-01,28.219230769230766
Catanduanes,2017-08-01,34.8775
Catanduanes,2017-09-01,43.681666666666665
Catanduanes,2017-10-01,56.978750000000005
Catanduanes,2017-11-01,81.39999999999999
Catanduanes,2017-12-01,77.78
Catanduanes,2018-01-01,38.26166666666666
Catanduanes,2018-02-01,28.238
Catanduanes,2018-07-01,26.406
Catanduanes,2018-08-01,39.096666666666664
Catanduanes,2018-09-01,33.945
Catanduanes,2018-10-01,22.45
Cavite,2012-11-01,40.11689655172414
Cavite,2012-12-01,42.536
Cavite,2013-01-01,13.64
Cavite,2013-10-01,31.99888888888889
Cavite,2013-11-01,38.62000000000002
Cavite,2013-12-01,34.053448275862074
Cavite,2014-01-01,33.586904761904755
Cavite,2014-02-01,27.866739130434784
Cavite,2014-03-01,21.450000000000006
Cavite,2014-04-01,12.725999999999999
Cavite,2014-05-01,13.635
Cavite,2014-06-01,22.792857142857144
Cavite,2014-07-01,30.182
Cavite,2014-08-01,29.482972972972963
Cavite,2014-09-01,26.630158730158733
Cavite,2014-10-01,20.67647058823529
Cavite,2014-11-01,16.750238095238096
Cavite,2014-12-01,15.081666666666665
Cavite,2015-01-01,13.816249999999998
Cavite,2015-02-01,15.62962962962963
Cavite,2015-03-01,7.678
Cavite,2015-06-01,20.169
Cavite,2015-07-01,21.590444444444437
Cavite,2015-08-01,20.978679245283022
Cavite,2015-09-01,23.063508771929822
Cavite,2015-10-01,17.11105263157895
Cavite,2015-11-01,14.160000000000002
Cavite,2015-12-01,15.612068965517244
Cavite,2016-01-01,13.909374999999999
Cavite,2016-02-01,19.49511111111111
Cavite,2016-03-01,12.133170731707319
Cavite,2016-06-01,1.61
Cavite,2016-07-01,2.015
Cebu,2013-06-01,0.0
Cebu,2013-07-01,12.423
Cebu,2013-08-01,16.574
Cebu,2013-09-01,14.568000000000001
Cebu,2013-10-01,10.916666666666666
Cebu,2013-11-01,9.102
Cebu,2013-12-01,21.14388888888889
Cebu,2014-01-01,28.06241379310345
Cebu,2014-02-01,29.184999999999995
Cebu,2014-03-01,22.4548275862069
Cebu,2014-04-01,15.0
Cebu,2014-06-01,4.837999999999999
Cebu,2014-07-01,20.918400000000002
Cebu,2014-08-01,19.54878787878788
Cebu,2014-09-01,28.875294117647062
Cebu,2014-10-01,23.282333333333334
Cebu,2014-11-01,35.12333333333333
Cebu,2014-12-01,22.724285714285713
Cebu,2015-01-01,35.416
Cebu,2015-02-01,26.916666666666668
Cebu,2015-03-01,32.333333333333336
Cebu,2015-04-01,57.5
Cebu,2015-05-01,60.666666666666664
Cebu,2015-06-01,39.04529411764706
Cebu,2015-07-01,39.000555555555565
Cebu,2015-08-01,34.8808
Cebu,2015-09-01,29.89909090909091
Cebu,2015-10-01,33.29758620689655
Cebu,2015-11-01,36.00052631578948
Cebu,2015-12-01,36.310526315789474
Cebu,2016-01-01,39.15470588235294
Cebu,2016-02-01,37.35045454545454
Cebu,2016-03-01,37.935
Compostela Valley,2013-02-01,90.91
Compostela Valley,2013-03-01,55.56
Compostela Valley,2013-11-01,37.33869565217391
Compostela Valley,2013-12-01,40.18633333333333
Compostela Valley,2014-01-01,48.79633333333334
Compostela Valley,2014-02-01,51.09055555555555
Compostela Valley,2014-03-01,50.8658620689655
Compostela Valley,2014-06-01,29.32333333333333
Compostela Valley,2014-07-01,36.71150000000001
Compostela Valley,2014-08-01,45.96714285714286
Compostela Valley,2014-09-01,46.58206896551724
Compostela Valley,2014-10-01,42.865
Compostela Valley,2014-11-01,51.66724137931035
Compostela Valley,2014-12-01,40.199999999999996
Compostela Valley,2015-01-01,49.34043478260869
Compostela Valley,2015-02-01,50.6551724137931
Compostela Valley,2015-03-01,45.111111111111114
Compostela Valley,2015-04-01,0.0
Compostela Valley,2015-06-01,39.250555555555565
Compostela Valley,2015-07-01,61.005263157894746
Compostela Valley,2015-08-01,57.91450000000001
Compostela Valley,2015-09-01,62.15536585365854
Compostela Valley,2015-10-01,54.64172413793105
Compostela Valley,2015-11-01,51.72444444444445
Compostela Valley,2015-12-01,62.617826086956526
Compostela Valley,2016-01-01,63.1318181818182
Compostela Valley,2016-02-01,57.96678571428571
Compostela Valley,2016-03-01,57.092
Compostela Valley,2016-06-01,33.825
Compostela Valley,2016-07-01,19.213333333333335
Cotabato,2012-08-01,16.67
Cotabato,2013-02-01,26.67
Cotabato,2014-02-01,10.13
Cotabato,2014-03-01,4.64
Cotabato,2014-06-01,0.0
Cotabato,2014-07-01,0.94
Cotabato,2014-08-01,1.4100000000000001
Cotabato,2014-09-01,0.0
Cotabato,2014-10-01,0.0
Cotabato,2014-11-01,0.0
Cotabato,2014-12-01,0.0
Cotabato,2015-02-01,1.0
Cotabato,2015-08-01,44.44
Cotabato,2015-10-01,4.17
Cotabato,2015-11-01,2.873333333333333
Cotabato,2015-12-01,3.263333333333333
Cotabato,2016-01-01,3.5100000000000002
Cotabato,2016-02-01,2.115
Cotabato,2016-03-01,4.17
Davao Occidental,2013-12-01,56.0
Davao Occidental,2014-01-01,23.076666666666668
Davao Occidental,2014-02-01,47.65624999999999
Davao Occidental,2014-03-01,79.08399999999999
Davao Occidental,2014-06-01,70.53999999999999
Davao Occidental,2014-07-01,45.588
Davao Occidental,2014-08-01,52.6425
Davao Occidental,2014-09-01,44.79600000000001
Davao Occidental,2014-10-01,53.415
Davao Occidental,2014-11-01,52.925000000000004
Davao Occidental,2014-12-01,76.42
Davao Occidental,2015-01-01,52.333333333333336
Davao Occidental,2015-02-01,60.5
Davao Occidental,2015-03-01,67.5
Davao Occidental,2015-07-01,50.32
Davao Occidental,2015-08-01,55.504999999999995
Davao Occidental,2015-09-01,79.92
Davao Occidental,2015-10-01,84.38333333333333
Davao Occidental,2015-11-01,85.225
Davao Occidental,2015-12-01,83.33
Davao Occidental,2016-01-01,66.37333333333333
Davao Occidental,2016-02-01,69.045
Davao Occidental,2016-03-01,65.5
Davao Oriental,2013-10-01,6.25
Davao Oriental,2013-11-01,0.0
Davao Oriental,2013-12-01,47.953809523809525
Davao Oriental,2014-01-01,51.08136363636363
Davao Oriental,2014-02-01,58.317619047619054
Davao Oriental,2014-03-01,43.73466666666666
Davao Oriental,2014-04-01,58.33
Davao Oriental,2014-06-01,32.291666666666664
Davao Oriental,2014-07-01,46.66227272727272
Davao Oriental,2014-08-01,39.63611111111111
Davao Oriental,2014-09-01,46.9775
Davao Oriental,2014-10-01,30.648518518518518
Davao Oriental,2014-11-01,25.786875
Davao Oriental,2014-12-01,31.52857142857143
Davao Oriental,2015-01-01,16.166666666666668
Davao Oriental,2015-02-01,23.75
Davao Oriental,2015-03-01,26.0
Davao Oriental,2015-06-01,42.61300000000001
Davao Oriental,2015-07-01,41.2415
Davao Oriental,2015-08-01,35.667
Davao Oriental,2015-09-01,45.89958333333334
Davao Oriental,2015-10-01,48.075624999999995
Davao Oriental,2015-11-01,43.216153846153844
Davao Oriental,2015-12-01,33.939166666666665
Davao Oriental,2016-01-01,43.61923076923077
Davao Oriental,2016-02-01,42.606874999999995
Davao Oriental,2016-03-01,36.3075
Davao del Norte,2013-07-01,91.67
Davao del Norte,2013-10-01,27.69
Davao del Norte,2013-11-01,48.03375
Davao del Norte,2013-12-01,43.35368421052631
Davao del Norte,2014-01-01,45.80380952380953
Davao del Norte,2014-02-01,50.93636363636363
Davao del Norte,2014-03-01,36.35875
Davao del Norte,2014-06-01,58.552499999999995
Davao del Norte,2014-07-01,44.27368421052632
Davao del Norte,2014-08-01,44.53925925925927
Davao del Norte,2014-09-01,51.33560975609757
Davao del Norte,2014-10-01,43.369473684210526
Davao del Norte,2014-11-01,45.459722222222226
Davao del Norte,2014-12-01,30.670666666666666
Davao del Norte,2015-01-01,34.833333333333336
Davao del Norte,2015-02-01,43.333333333333336
Davao del Norte,2015-03-01,36.5
Davao del Norte,2015-06-01,70.43166666666666
Davao del Norte,2015-07-01,55.93633333333333
Davao del Norte,2015-08-01,55.46695652173912
Davao del Norte,2015-09-01,57.436976744186055
Davao del Norte,2015-10-01,56.0896551724138
Davao del Norte,2015-11-01,60.76407407407406
Davao del Norte,2015-12-01,52.58736842105262
Davao del Norte,2016-01-01,59.05000000000001
Davao del Norte,2016-02-01,56.1625
Davao del Norte,2016-03-01,52.41214285714287
Davao del Norte,2016-04-01,63.64
Davao del Norte,2016-06-01,34.42272727272727
Davao del Norte,2016-07-01,54.285000000000004
Davao del Norte,2016-08-01,69.62166666666667
Davao del Norte,2016-09-01,48.34
Davao del Norte,2016-11-01,77.404
Davao del Norte,2016-12-01,68.61333333333333
Davao del Norte,2017-01-01,61.97428571428571
Davao del Norte,2017-02-01,59.03714285714286
Davao del Norte,2017-03-01,64.2975
Davao del Sur,2012-06-01,61.54
Davao del Sur,2012-07-01,41.586842105263166
Davao del Sur,2012-08-01,41.70687499999999
Davao del Sur,2012-09-01,48.98666666666666
Davao del Sur,2012-10-01,43.58842105263158
Davao del Sur,2012-11-01,50.0
Davao del Sur,2012-12-01,50.660000000000004
Davao del Sur,2013-08-01,52.443461538461534
Davao del Sur,2013-09-01,47.499354838709664
Davao del Sur,2013-10-01,42.53675
Davao del Sur,2013-11-01,41.00781250000001
Davao del Sur,2013-12-01,40.372
Davao del Sur,2014-01-01,36.790833333333346
Davao del Sur,2014-02-01,40.35121212121212
Davao del Sur,2014-03-01,46.924499999999995
Davao del Sur,2014-04-01,70.83500000000001
Davao del Sur,2014-06-01,27.78
Davao del Sur,2014-07-01,41.065
Davao del Sur,2014-08-01,47.25000000000001
Davao del Sur,2014-09-01,45.502894736842116
Davao del Sur,2014-10-01,49.879428571428576
Davao del Sur,2014-11-01,46.993571428571435
Davao del Sur,2014-12-01,43.1978947368421
Davao del Sur,2015-01-01,34.67166666666667
Davao del Sur,2015-02-01,45.285714285714285
Davao del Sur,2015-03-01,49.5
Davao del Sur,2015-06-01,53.33
Davao del Sur,2015-07-01,52.26642857142856
Davao del Sur,2015-08-01,42.888749999999995
Davao del Sur,2015-09-01,43.55757575757575
Davao del Sur,2015-10-01,51.087727272727264
Davao del Sur,2015-11-01,50.24384615384614
Davao del Sur,2015-12-01,45.84944444444445
Davao del Sur,2016-01-01,54.47882352941176
Davao del Sur,2016-02-01,74.645
Davao del Sur,2016-03-01,49.28692307692307
Davao del Sur,2016-06-01,17.305
Davao del Sur,2016-07-01,21.446
Davao del Sur,2016-09-01,66.4025
Davao del Sur,2016-10-01,68.69
Dinagat Islands,2015-08-01,13.45
Dinagat Islands,2015-09-01,14.532499999999999
Dinagat Islands,2015-10-01,12.396
Dinagat Islands,2015-11-01,21.927500000000002
Dinagat Islands,2015-12-01,14.229999999999999
Dinagat Islands,2016-01-01,15.26
Dinagat Islands,2016-02-01,7.82
Dinagat Islands,2016-03-01,15.343333333333334
Dinagat Islands,2016-06-01,5.555
Dinagat Islands,2016-07-01,26.48
Ifugao,2014-01-01,6.445
Ifugao,2014-02-01,15.28611111111111
Ifugao,2014-03-01,16.091666666666665
Ifugao,2014-07-01,2.975
Ifugao,2014-08-01,11.111666666666665
Ifugao,2014-09-01,18.077727272727273
Ifugao,2014-10-01,16.064615384615383
Ifugao,2014-11-01,11.495714285714286
Ifugao,2014-12-01,9.799375
Ifugao,2015-01-01,9.476190476190476
Ifugao,2015-02-01,8.272727272727273
Ifugao,2015-03-01,7.611111111111111
Ifugao,2015-04-01,12.0
Ifugao,2015-05-01,17.0
Ifugao,2015-07-01,25.139545454545452
Ifugao,2015-08-01,29.847499999999997
Ifugao,2015-09-01,36.92666666666667
Ifugao,2015-10-01,28.6455
Ifugao,2015-11-01,27.922499999999996
Ifugao,2015-12-01,31.428235294117645
Ifugao,2016-01-01,14.992777777777778
Ifugao,2016-02-01,11.43611111111111
Ifugao,2016-03-01,15.070833333333333
Ilocos Norte,2014-01-01,14.882777777777777
Ilocos Norte,2014-02-01,11.857454545454544
Ilocos Norte,2014-03-01,14.345357142857141
Ilocos Norte,2014-04-01,12.5
Ilocos Norte,2014-05-01,5.88
Ilocos Norte,2014-06-01,45.16
Ilocos Norte,2014-07-01,30.08894736842105
Ilocos Norte,2014-08-01,21.22611111111111
Ilocos Norte,2014-09-01,32.52222222222222
Ilocos Norte,2014-10-01,25.29909090909091
Ilocos Norte,2014-11-01,19.904090909090908
Ilocos Norte,2014-12-01,9.766923076923078
Ilocos Norte,2015-01-01,41.89
Ilocos Norte,2015-02-01,12.0
Ilocos Norte,2015-03-01,15.0
Ilocos Norte,2015-04-01,20.83
Ilocos Norte,2015-06-01,97.39
Ilocos Norte,2015-07-01,40.64928571428571
Ilocos Norte,2015-08-01,46.00416666666668
Ilocos Norte,2015-09-01,43.706417910447776
Ilocos Norte,2015-10-01,34.678823529411765
Ilocos Norte,2015-11-01,30.723389830508477
Ilocos Norte,2015-12-01,28.615178571428572
Ilocos Norte,2016-01-01,27.469591836734697
Ilocos Norte,2016-02-01,24.402545454545447
Ilocos Norte,2016-03-01,24.43636363636364
Ilocos Norte,2016-04-01,0.0
Ilocos Norte,2016-07-01,45.67125
Ilocos Norte,2016-08-01,40.73461538461539
Ilocos Norte,2016-09-01,36.268571428571434
Ilocos Norte,2016-10-01,33.18282051282051
Ilocos Norte,2016-11-01,29.4996875
Ilocos Norte,2016-12-01,20.69611111111111
Ilocos Norte,2017-01-01,19.305
Ilocos Norte,2017-02-01,31.724666666666664
Ilocos Norte,2017-03-01,21.155454545454543
Ilocos Norte,2017-04-01,20.0
Ilocos Norte,2017-05-01,6.666666666666667
Ilocos Sur,2014-01-01,64.29
Ilocos Sur,2014-02-01,28.94625
Ilocos Sur,2014-03-01,23.532
Ilocos Sur,2014-06-01,46.666666666666664
Ilocos Sur,2014-07-01,30.25875
Ilocos Sur,2014-08-01,35.08555555555555
Ilocos Sur,2014-09-01,37.14153846153846
Ilocos Sur,2014-10-01,43.03375
Ilocos Sur,2014-11-01,37.532500000000006
Ilocos Sur,2014-12-01,41.288
Ilocos Sur,2015-01-01,64.71
Ilocos Sur,2015-06-01,11.573333333333332
Ilocos Sur,2015-07-01,22.8625
Ilocos Sur,2015-08-01,24.770666666666667
Ilocos Sur,2015-09-01,33.13833333333333
Ilocos Sur,2015-10-01,37.39294117647059
Ilocos Sur,2015-11-01,32.44125
Ilocos Sur,2015-12-01,35.785714285714285
Ilocos Sur,2016-01-01,28.838823529411766
Ilocos Sur,2016-02-01,22.90619047619048
Ilocos Sur,2016-03-01,20.12
Ilocos Sur,2016-04-01,19.3
Ilocos Sur,2016-06-01,0.0
Ilocos Sur,2016-07-01,0.0
Ilocos Sur,2016-08-01,13.75
Ilocos Sur,2016-09-01,19.615454545454543
Ilocos Sur,2016-10-01,15.453333333333333
Ilocos Sur,2016-11-01,13.803333333333335
Ilocos Sur,2016-12-01,6.986666666666667
Ilocos Sur,2017-01-01,10.0
Iloilo,2012-07-01,55.285714285714285
Iloilo,2012-08-01,65.77777777777777
Iloilo,2012-09-01,63.42857142857143
Iloilo,2012-10-01,51.55555555555556
Iloilo,2012-11-01,60.166666666666664
Iloilo,2013-10-01,32.191250000000004
Iloilo,2013-11-01,43.89545454545454
Iloilo,2013-12-01,35.122
Iloilo,2014-01-01,39.70125
Iloilo,2014-02-01,29.706363636363633
Iloilo,2014-03-01,46.21625
Iloilo,2014-06-01,36.11
Iloilo,2014-07-01,50.62
Iloilo,2014-08-01,55.88083333333333
Iloilo,2014-09-01,66.52222222222221
Iloilo,2014-10-01,45.75
Iloilo,2014-11-01,38.010000000000005
Iloilo,2014-12-01,54.17
Iloilo,2015-01-01,43.333333333333336
Iloilo,2015-02-01,35.5
Iloilo,2015-03-01,29.0
Iloilo,2015-08-01,36.25555555555556
Iloilo,2015-09-01,34.58034482758621
Iloilo,2015-10-01,27.921250000000004
Iloilo,2015-11-01,22.50833333333334
Iloilo,2015-12-01,15.680833333333332
Iloilo,2016-01-01,21.611666666666665
Iloilo,2016-02-01,38.80800000000001
Iloilo,2016-03-01,31.34
Isabela,2013-10-01,69.85333333333334
Isabela,2013-11-01,56.64666666666667
Isabela,2013-12-01,31.483333333333334
Isabela,2014-01-01,42.876666666666665
Isabela,2014-02-01,41.47
Isabela,2014-03-01,82.5
Isabela,2014-06-01,66.25
Isabela,2014-07-01,70.59333333333335
Isabela,2014-08-01,69.65750000000001
Isabela,2014-09-01,64.31400000000001
Isabela,2014-10-01,18.619999999999997
Isabela,2014-11-01,22.7075
Isabela,2014-12-01,22.275000000000002
Isabela,2015-01-01,44.0
Isabela,2015-02-01,24.5
Isabela,2015-03-01,24.5
Isabela,2015-07-01,25.0
Isabela,2015-08-01,20.183333333333334
Isabela,2015-09-01,23.843333333333334
Isabela,2015-10-01,27.975
Isabela,2015-11-01,31.82
Kalinga,2014-02-01,31.173333333333332
Kalinga,2014-03-01,68.0
Kalinga,2014-07-01,81.41
Kalinga,2014-08-01,94.2225
Kalinga,2014-09-01,90.55
Kalinga,2014-10-01,73.41
Kalinga,2014-11-01,72.225
Kalinga,2015-07-01,56.5725
Kalinga,2015-08-01,60.445
Kalinga,2015-09-01,49.81
Kalinga,2015-10-01,26.662857142857142
Kalinga,2015-11-01,19.84555555555555
Kalinga,2015-12-01,25.886666666666667
Kalinga,2016-03-01,21.7275
La Union,2013-01-01,19.35
La Union,2013-03-01,22.58
La Union,2014-01-01,23.923333333333336
La Union,2014-02-01,31.91454545454545
La Union,2014-03-01,18.892857142857142
La Union,2014-07-01,24.07
La Union,2014-08-01,23.454615384615384
La Union,2014-09-01,39.896521739130435
La Union,2014-10-01,24.992692307692316
La Union,2014-11-01,31.07538461538462
La Union,2014-12-01,33.595
La Union,2015-01-01,0.0
La Union,2015-02-01,28.8
La Union,2015-03-01,67.0
La Union,2015-06-01,0.0
La Union,2015-07-01,23.034444444444446
La Union,2015-08-01,40.24321428571428
La Union,2015-09-01,35.41720000000001
La Union,2015-10-01,25.16285714285714
La Union,2015-11-01,33.28178571428571
La Union,2015-12-01,19.208333333333336
La Union,2016-01-01,30.55826086956522
La Union,2016-02-01,22.03411764705882
La Union,2016-03-01,26.408
La Union,2016-06-01,14.9375
La Union,2016-07-01,17.80666666666667
La Union,2016-08-01,13.281428571428572
La Union,2016-09-01,37.14066666666667
La Union,2016-10-01,45.92588235294117
La Union,2016-11-01,38.436666666666675
La Union,2016-12-01,57.354
La Union,2017-01-01,64.70666666666666
La Union,2017-02-01,70.59
Laguna,2013-01-01,51.089999999999996
Laguna,2013-02-01,22.805
Laguna,2013-03-01,48.48
Laguna,2013-04-01,49.49
Laguna,2013-05-01,33.93
Laguna,2013-06-01,5.695
Laguna,2013-07-01,7.335
Laguna,2013-08-01,8.495000000000001
Laguna,2013-09-01,11.68
Laguna,2013-10-01,19.922200000000004
Laguna,2013-11-01,32.65266666666666
Laguna,2013-12-01,31.340465116279066
Laguna,2014-01-01,32.05060975609756
Laguna,2014-02-01,26.72808219178082
Laguna,2014-03-01,17.76615384615384
Laguna,2014-04-01,18.545
Laguna,2014-05-01,19.81
Laguna,2014-06-01,30.99
Laguna,2014-07-01,41.0075
Laguna,2014-08-01,32.21166666666668
Laguna,2014-09-01,21.207578947368418
Laguna,2014-10-01,20.621445783132526
Laguna,2014-11-01,21.1807894736842
Laguna,2014-12-01,14.846458333333336
Laguna,2015-01-01,18.92526315789474
Laguna,2015-02-01,14.846153846153847
Laguna,2015-03-01,3.8333333333333335
Laguna,2015-04-01,0.0
Laguna,2015-06-01,18.220000000000006
Laguna,2015-07-01,16.71125
Laguna,2015-08-01,17.926117647058827
Laguna,2015-09-01,12.483090909090908
Laguna,2015-10-01,14.43026666666667
Laguna,2015-11-01,19.78725806451613
Laguna,2015-12-01,19.6806779661017
Laguna,2016-01-01,14.555846153846153
Laguna,2016-02-01,15.791739130434784
Laguna,2016-03-01,13.85352112676056
Laguna,2016-04-01,42.202
Leyte,2014-03-01,9.0
Leyte,2014-06-01,68.0
Leyte,2014-07-01,37.95222222222222
Leyte,2014-08-01,35.983793103448264
Leyte,2014-09-01,36.68566666666667
Leyte,2014-10-01,36.0153125
Leyte,2014-11-01,41.92280000000001
Leyte,2014-12-01,46.14
Leyte,2015-01-01,45.22222222222222
Leyte,2015-02-01,32.65916666666667
Leyte,2015-03-01,30.5
Leyte,2015-06-01,37.13
Leyte,2015-07-01,36.26914285714285
Leyte,2015-08-01,46.13885714285715
Leyte,2015-09-01,42.64076923076923
Leyte,2015-10-01,37.739999999999995
Leyte,2015-11-01,42.535806451612906
Leyte,2015-12-01,35.69125
Leyte,2016-01-01,35.773437499999986
Leyte,2016-02-01,31.955312499999998
Leyte,2016-03-01,22.745789473684212
Leyte,2016-06-01,12.5725
Leyte,2016-07-01,17.71375
Leyte,2016-08-01,31.04
Leyte,2016-09-01,30.0
Leyte,2016-10-01,25.745
Leyte,2016-11-01,26.189999999999998
Leyte,2016-12-01,10.715
Leyte,2017-01-01,16.072499999999998
Leyte,2017-02-01,0.0
Marinduque,2012-11-01,39.0
Marinduque,2013-09-01,53.56999999999999
Marinduque,2013-11-01,5.0
Marinduque,2013-12-01,33.6564
Marinduque,2014-01-01,43.37199999999999
Marinduque,2014-02-01,49.294000000000004
Marinduque,2014-03-01,40.002631578947366
Marinduque,2014-06-01,11.875
Marinduque,2014-07-01,45.019473684210524
Marinduque,2014-08-01,40.75266666666666
Marinduque,2014-09-01,44.77944444444445
Marinduque,2014-10-01,38.32138888888889
Marinduque,2014-11-01,34.43800000000001
Marinduque,2014-12-01,18.52666666666666
Marinduque,2015-01-01,23.866666666666667
Marinduque,2015-02-01,24.345416666666665
Marinduque,2015-03-01,29.428571428571427
Marinduque,2015-04-01,21.0
Marinduque,2015-05-01,33.75
Marinduque,2015-06-01,35.744166666666665
Marinduque,2015-07-01,53.29612244897959
Marinduque,2015-08-01,51.97775
Marinduque,2015-09-01,42.0995744680851
Marinduque,2015-10-01,33.87628571428572
Marinduque,2015-11-01,34.31727272727274
Marinduque,2015-12-01,30.195199999999996
Marinduque,2016-01-01,34.32714285714286
Marinduque,2016-02-01,42.4436111111111
Marinduque,2016-03-01,34.573793103448274
Masbate,2013-10-01,25.183333333333334
Masbate,2013-11-01,37.815
Masbate,2013-12-01,54.47875
Masbate,2014-01-01,54.47181818181818
Masbate,2014-02-01,46.520833333333336
Masbate,2014-03-01,45.806250000000006
Masbate,2014-06-01,54.165
Masbate,2014-07-01,67.346
Masbate,2014-08-01,46.28833333333333
Masbate,2014-09-01,42.067647058823525
Masbate,2014-10-01,37.245384615384616
Masbate,2014-11-01,44.85052631578948
Masbate,2014-12-01,47.221
Masbate,2015-01-01,53.04545454545455
Masbate,2015-02-01,46.61538461538461
Masbate,2015-03-01,51.81818181818182
Masbate,2015-04-01,16.7075
Masbate,2015-07-01,52.94
Masbate,2015-08-01,46.949999999999996
Masbate,2015-09-01,53.95799999999999
Masbate,2015-10-01,47.09722222222222
Masbate,2015-11-01,32.66235294117647
Masbate,2015-12-01,35.28666666666667
Masbate,2016-01-01,45.125
Masbate,2016-02-01,48.772
Masbate,2016-03-01,26.500625
Masbate,2016-06-01,60.605
Masbate,2016-07-01,46.87
Masbate,2016-08-01,59.56307692307692
Masbate,2016-09-01,59.313750000000006
Masbate,2016-10-01,48.95
Masbate,2016-11-01,47.3
Masbate,2016-12-01,32.20666666666668
Masbate,2017-01-01,40.524
Masbate,2017-02-01,28.458999999999996
Masbate,2017-03-01,45.01428571428571
Masbate,2017-06-01,44.07
Masbate,2017-07-01,47.20190476190477
Masbate,2017-08-01,61.064285714285724
Masbate,2017-09-01,45.307500000000005
Masbate,2017-10-01,56.888
Masbate,2017-11-01,54.766000000000005
Masbate,2017-12-01,50.885
Masbate,2018-01-01,55.44615384615384
Masbate,2018-02-01,49.667142857142856
Masbate,2018-06-01,100.0
Masbate,2018-07-01,67.18833333333333
Masbate,2018-08-01,56.70238095238095
Masbate,2018-09-01,53.71642857142857
Masbate,2018-10-01,51.49166666666667
Misamis Oriental,2014-08-01,15.385000000000002
Misamis Oriental,2014-09-01,23.570000000000004
Misamis Oriental,2014-10-01,36.8875
Misamis Oriental,2014-11-01,67.18333333333334
Misamis Oriental,2014-12-01,69.23
Misamis Oriental,2015-01-01,67.5
Misamis Oriental,2015-02-01,71.66666666666667
Misamis Oriental,2015-05-01,35.5
Misamis Oriental,2015-06-01,22.0
Misamis Oriental,2015-07-01,37.25333333333333
Misamis Oriental,2015-08-01,51.730000000000004
Misamis Oriental,2015-09-01,53.652499999999996
Misamis Oriental,2015-10-01,51.7325
Misamis Oriental,2015-11-01,48.972500000000004
Misamis Oriental,2015-12-01,32.21333333333333
Misamis Oriental,2016-02-01,37.6
Misamis Oriental,2016-03-01,57.935
Misamis Oriental,2016-11-01,0.0
Mountain Province,2014-01-01,7.0
Mountain Province,2014-02-01,0.0
Mountain Province,2014-03-01,1.214
Mountain Province,2014-04-01,0.0
Mountain Province,2014-06-01,41.07
Mountain Province,2014-07-01,32.13
Mountain Province,2014-08-01,25.369999999999994
Mountain Province,2014-09-01,33.125
Mountain Province,2014-10-01,29.36708333333333
Mountain Province,2014-11-01,27.267619047619043
Mountain Province,2014-12-01,17.39384615384615
Mountain Province,2015-01-01,29.962307692307693
Mountain Province,2015-02-01,16.071428571428573
Mountain Province,2015-03-01,19.05
Mountain Province,2015-04-01,20.333333333333332
Mountain Province,2015-05-01,52.0
Mountain Province,2015-06-01,13.34
Mountain Province,2015-07-01,26.922432432432434
Mountain Province,2015-08-01,28.6837037037037
Mountain Province,2015-09-01,31.319615384615386
Mountain Province,2015-10-01,29.110000000000007
Mountain Province,2015-11-01,35.87727272727272
Mountain Province,2015-12-01,30.315454545454553
Mountain Province,2016-01-01,25.683333333333337
Mountain Province,2016-02-01,36.416666666666664
Mountain Province,2016-03-01,30.581428571428567
Mountain Province,2016-04-01,25.13
Mountain Province,2016-05-01,28.57
Mountain Province,2016-07-01,0.0
"NCR, City of Manila, First District",2012-06-01,8.22
"NCR, City of Manila, First District",2012-07-01,10.230833333333335
"NCR, City of Manila, First District",2012-08-01,11.828750000000001
"NCR, City of Manila, First District",2012-09-01,13.13058823529412
"NCR, City of Manila, First District",2012-10-01,12.968205128205128
"NCR, City of Manila, First District",2012-11-01,10.407027027027027
"NCR, City of Manila, First District",2012-12-01,9.747941176470592
"NCR, City of Manila, First District",2013-07-01,7.317435897435898
"NCR, City of Manila, First District",2013-08-01,8.75047619047619
"NCR, City of Manila, First District",2013-09-01,11.492187500000004
"NCR, City of Manila, First District",2013-10-01,10.87614035087719
"NCR, City of Manila, First District",2013-11-01,8.354146341463418
"NCR, City of Manila, First District",2013-12-01,10.230000000000002
"NCR, City of Manila, First District",2014-01-01,10.818333333333333
"NCR, City of Manila, First District",2014-02-01,10.256666666666664
"NCR, City of Manila, First District",2014-03-01,14.620000000000001
"NCR, City of Manila, First District",2014-06-01,50.0
"NCR, City of Manila, First District",2014-07-01,25.56714285714285
"NCR, City of Manila, First District",2014-08-01,10.621999999999998
"NCR, City of Manila, First District",2014-09-01,9.725714285714288
"NCR, City of Manila, First District",2014-10-01,12.947666666666665
"NCR, City of Manila, First District",2014-11-01,12.20433333333333
"NCR, City of Manila, First District",2014-12-01,12.501428571428571
"NCR, City of Manila, First District",2015-01-01,8.0
"NCR, City of Manila, First District",2015-02-01,4.0
"NCR, City of Manila, First District",2015-04-01,4.166666666666667
"NCR, City of Manila, First District",2015-05-01,4.4
"NCR, City of Manila, First District",2015-06-01,7.324
"NCR, City of Manila, First District",2015-07-01,7.325238095238094
"NCR, City of Manila, First District",2015-08-01,8.170263157894738
"NCR, City of Manila, First District",2015-09-01,7.992307692307692
"NCR, City of Manila, First District",2015-10-01,9.515
"NCR, City of Manila, First District",2015-11-01,7.3279310344827575
"NCR, City of Manila, First District",2015-12-01,8.080625000000001
"NCR, City of Manila, First District",2016-01-01,3.240689655172414
"NCR, City of Manila, First District",2016-02-01,8.739999999999997
"NCR, City of Manila, First District",2016-03-01,7.45
"NCR, Fourth District",2012-06-01,12.188837209302323
"NCR, Fourth District",2012-07-01,19.387755102040817
"NCR, Fourth District",2012-08-01,25.11818181818183
"NCR, Fourth District",2012-09-01,25.44036036036036
"NCR, Fourth District",2012-10-01,23.12971428571429
"NCR, Fourth District",2012-11-01,23.663516483516485
"NCR, Fourth District",2012-12-01,14.457096774193547
"NCR, Fourth District",2013-01-01,13.293684210526315
"NCR, Fourth District",2013-02-01,12.968260869565219
"NCR, Fourth District",2013-04-01,0.0
"NCR, Fourth District",2013-07-01,14.876990291262135
"NCR, Fourth District",2013-08-01,25.028588235294126
"NCR, Fourth District",2013-09-01,24.428235294117655
"NCR, Fourth District",2013-10-01,25.390267857142863
"NCR, Fourth District",2013-11-01,18.248461538461537
"NCR, Fourth District",2013-12-01,18.356190476190477
"NCR, Fourth District",2014-01-01,15.863541666666663
"NCR, Fourth District",2014-02-01,15.125666666666666
"NCR, Fourth District",2014-03-01,17.307619047619045
"NCR, Fourth District",2014-06-01,10.10875
"NCR, Fourth District",2014-07-01,14.71188679245283
"NCR, Fourth District",2014-08-01,18.446048387096774
"NCR, Fourth District",2014-09-01,19.86624203821656
"NCR, Fourth District",2014-10-01,16.526923076923072
"NCR, Fourth District",2014-11-01,15.55137254901961
"NCR, Fourth District",2014-12-01,16.46739130434783
"NCR, Fourth District",2015-01-01,13.889090909090909
"NCR, Fourth District",2015-02-01,10.771929824561404
"NCR, Fourth District",2015-03-01,7.625
"NCR, Fourth District",2015-04-01,0.0
"NCR, Fourth District",2015-05-01,0.0
"NCR, Fourth District",2015-06-01,6.486153846153846
"NCR, Fourth District",2015-07-01,13.666984126984124
"NCR, Fourth District",2015-08-01,15.410380952380956
"NCR, Fourth District",2015-09-01,16.790512820512824
"NCR, Fourth District",2015-10-01,11.893690476190478
"NCR, Fourth District",2015-11-01,5.775280898876406
"NCR, Fourth District",2015-12-01,10.260270270270272
"NCR, Fourth District",2016-01-01,7.67763157894737
"NCR, Fourth District",2016-02-01,11.065434782608698
"NCR, Fourth District",2016-03-01,10.830250000000003
"NCR, Fourth District",2016-04-01,4.31375
"NCR, Fourth District",2016-05-01,4.57
"NCR, Fourth District",2016-06-01,3.543125
"NCR, Fourth District",2016-07-01,5.1416
"NCR, Fourth District",2016-08-01,6.2411111111111115
"NCR, Fourth District",2016-09-01,6.12090909090909
"NCR, Fourth District",2016-10-01,8.2556
"NCR, Fourth District",2016-11-01,5.29047619047619
"NCR, Fourth District",2016-12-01,5.502307692307691
"NCR, Fourth District",2017-01-01,4.423500000000001
"NCR, Fourth District",2017-02-01,4.117333333333334
"NCR, Fourth District",2017-03-01,5.010769230769231
"NCR, Fourth District",2017-04-01,2.915
"NCR, Fourth District",2017-05-01,7.09
"NCR, Fourth District",2017-06-01,4.441666666666666
"NCR, Fourth District",2017-07-01,10.627500000000001
"NCR, Second District",2012-06-01,2.7649999999999997
"NCR, Second District",2012-07-01,23.23454545454546
"NCR, Second District",2012-08-01,46.05681818181818
"NCR, Second District",2012-09-01,49.51390243902439
"NCR, Second District",2012-10-01,51.23625
"NCR, Second District",2012-11-01,26.65636363636364
"NCR, Second District",2012-12-01,27.475555555555548
"NCR, Second District",2013-07-01,28.91410958904109
"NCR, Second District",2013-08-01,34.1233962264151
"NCR, Second District",2013-09-01,32.10230769230769
"NCR, Second District",2013-10-01,28.290810810810818
"NCR, Second District",2013-11-01,29.227123287671226
"NCR, Second District",2013-12-01,24.69872340425531
"NCR, Second District",2014-01-01,22.07738095238095
"NCR, Second District",2014-02-01,20.42275
"NCR, Second District",2014-03-01,15.813636363636363
"NCR, Second District",2014-06-01,23.972857142857144
"NCR, Second District",2014-07-01,26.404047619047624
"NCR, Second District",2014-08-01,29.57492957746479
"NCR, Second District",2014-09-01,31.676842105263166
"NCR, Second District",2014-10-01,26.269382716049385
"NCR, Second District",2014-11-01,18.12246153846154
"NCR, Second District",2014-12-01,16.458148148148148
"NCR, Second District",2015-01-01,19.089642857142856
"NCR, Second District",2015-02-01,15.367499999999998
"NCR, Second District",2015-03-01,9.777777777777779
"NCR, Second District",2015-04-01,3.0
"NCR, Second District",2015-05-01,15.0125
"NCR, Second District",2015-06-01,9.003333333333332
"NCR, Second District",2015-07-01,24.725483870967743
"NCR, Second District",2015-08-01,27.215846153846154
"NCR, Second District",2015-09-01,26.724868421052623
"NCR, Second District",2015-10-01,25.565000000000005
"NCR, Second District",2015-11-01,13.706666666666665
"NCR, Second District",2015-12-01,13.8936
"NCR, Second District",2016-01-01,10.215625
"NCR, Second District",2016-02-01,18.53210526315789
"NCR, Second District",2016-03-01,6.25125
"NCR, Second District",2016-07-01,34.62636363636364
"NCR, Second District",2016-08-01,24.583157894736843
"NCR, Second District",2016-09-01,43.162222222222226
"NCR, Second District",2016-10-01,34.17
"NCR, Second District",2016-11-01,28.452999999999996
"NCR, Second District",2016-12-01,14.990000000000002
"NCR, Second District",2017-01-01,32.441111111111105
"NCR, Second District",2017-02-01,43.552499999999995
"NCR, Second District",2017-03-01,48.84
"NCR, Third District",2012-06-01,23.92466666666667
"NCR, Third District",2012-07-01,27.078139534883714
"NCR, Third District",2012-08-01,37.28208333333334
"NCR, Third District",2012-09-01,33.940000000000005
"NCR, Third District",2012-10-01,35.280895522388064
"NCR, Third District",2012-11-01,29.34042857142857
"NCR, Third District",2012-12-01,26.92916666666666
"NCR, Third District",2013-01-01,11.67769230769231
"NCR, Third District",2013-06-01,17.588
"NCR, Third District",2013-07-01,22.811162790697676
"NCR, Third District",2013-08-01,30.934912280701752
"NCR, Third District",2013-09-01,30.830704225352115
"NCR, Third District",2013-10-01,24.116075949367083
"NCR, Third District",2013-11-01,25.383970588235293
"NCR, Third District",2013-12-01,25.295294117647053
"NCR, Third District",2014-01-01,22.61790322580645
"NCR, Third District",2014-02-01,25.120895522388064
"NCR, Third District",2014-03-01,21.618750000000002
"NCR, Third District",2014-06-01,5.445
"NCR, Third District",2014-07-01,22.978571428571424
"NCR, Third District",2014-08-01,26.157844827586217
"NCR, Third District",2014-09-01,23.984413793103446
"NCR, Third District",2014-10-01,23.97576000000001
"NCR, Third District",2014-11-01,18.136875
"NCR, Third District",2014-12-01,18.748139534883716
"NCR, Third District",2015-01-01,15.063333333333334
"NCR, Third District",2015-02-01,12.125
"NCR, Third District",2015-03-01,13.083333333333334
"NCR, Third District",2015-04-01,18.611666666666668
"NCR, Third District",2015-05-01,17.0
"NCR, Third District",2015-06-01,36.505
"NCR, Third District",2015-07-01,20.58372093023256
"NCR, Third District",2015-08-01,19.812232142857145
"NCR, Third District",2015-09-01,28.7125
"NCR, Third District",2015-10-01,26.299710144927534
"NCR, Third District",2015-11-01,13.446436781609192
"NCR, Third District",2015-12-01,22.174871794871795
"NCR, Third District",2016-01-01,12.245072463768116
"NCR, Third District",2016-02-01,30.061739130434784
"NCR, Third District",2016-03-01,17.622857142857146
"NCR, Third District",2016-04-01,16.67
"NCR, Third District",2016-07-01,20.665
"NCR, Third District",2016-08-01,27.370909090909095
"NCR, Third District",2016-09-01,16.54
"NCR, Third District",2016-10-01,21.67875
"NCR, Third District",2016-11-01,14.040000000000001
"NCR, Third District",2016-12-01,17.435000000000002
"NCR, Third District",2017-01-01,6.67
"NCR, Third District",2017-02-01,5.5566666666666675
"NCR, Third District",2017-03-01,8.33
"NCR, Third District",2017-06-01,25.0
"NCR, Third District",2017-07-01,20.603333333333335
"NCR, Third District",2017-08-01,55.455
Negros Occidental,2012-10-01,25.5
Negros Occidental,2012-11-01,24.75
Negros Occidental,2012-12-01,31.6
Negros Occidental,2013-01-01,20.25
Negros Occidental,2013-09-01,28.186666666666667
Negros Occidental,2013-10-01,26.01
Negros Occidental,2013-11-01,24.94
Negros Occidental,2013-12-01,18.802500000000002
Negros Occidental,2014-01-01,21.213333333333335
Negros Occidental,2014-02-01,21.5
Negros Occidental,2014-03-01,21.296666666666667
Negros Occidental,2014-10-01,27.180000000000003
Negros Occidental,2014-11-01,24.94333333333334
Negros Oriental,2013-07-01,25.0
Negros Oriental,2013-08-01,100.0
Negros Oriental,2013-09-01,100.0
Negros Oriental,2013-10-01,100.0
Negros Oriental,2013-11-01,89.0625
Negros Oriental,2014-01-01,39.57
Negros Oriental,2014-02-01,44.22777777777778
Negros Oriental,2014-03-01,35.08
Negros Oriental,2014-07-01,48.02076923076923
Negros Oriental,2014-08-01,61.690588235294115
Negros Oriental,2014-09-01,72.784375
Negros Oriental,2014-10-01,70.78923076923078
Negros Oriental,2014-11-01,59.16888888888889
Negros Oriental,2014-12-01,36.0
Negros Oriental,2015-01-01,65.5
Negros Oriental,2015-02-01,73.5
Negros Oriental,2015-07-01,62.23153846153847
Negros Oriental,2015-08-01,66.65266666666666
Negros Oriental,2015-09-01,68.24
Negros Oriental,2015-10-01,63.105384615384615
Negros Oriental,2015-11-01,48.955000000000005
Negros Oriental,2015-12-01,64.559
Negros Oriental,2016-01-01,45.181250000000006
Negros Oriental,2016-02-01,41.849000000000004
Negros Oriental,2016-03-01,7.93
Negros Oriental,2016-06-01,7.24
Negros Oriental,2016-07-01,8.066666666666666
Nueva Ecija,2013-01-01,10.0
Nueva Ecija,2013-03-01,6.0
Nueva Ecija,2013-06-01,0.0
Nueva Ecija,2013-07-01,1.85
Nueva Ecija,2013-09-01,10.183333333333332
Nueva Ecija,2013-10-01,18.994782608695658
Nueva Ecija,2013-11-01,36.66620689655172
Nueva Ecija,2013-12-01,58.001333333333335
Nueva Ecija,2014-01-01,47.48
Nueva Ecija,2014-02-01,46.50333333333334
Nueva Ecija,2014-03-01,52.746
Nueva Ecija,2014-06-01,4.031000000000001
Nueva Ecija,2014-07-01,19.928148148148146
Nueva Ecija,2014-08-01,26.721857142857132
Nueva Ecija,2014-09-01,19.676440677966106
Nueva Ecija,2014-10-01,13.658813559322029
Nueva Ecija,2014-11-01,12.526739130434779
Nueva Ecija,2014-12-01,8.388
Nueva Ecija,2015-01-01,32.12
Nueva Ecija,2015-02-01,12.444444444444445
Nueva Ecija,2015-03-01,14.8
Nueva Ecija,2015-06-01,10.763243243243243
Nueva Ecija,2015-07-01,37.999315068493146
Nueva Ecija,2015-08-01,39.470468749999995
Nueva Ecija,2015-09-01,34.869855072463764
Nueva Ecija,2015-10-01,30.79934426229508
Nueva Ecija,2015-11-01,29.67320754716981
Nueva Ecija,2015-12-01,28.418888888888887
Nueva Ecija,2016-01-01,29.21763157894737
Nueva Ecija,2016-02-01,25.984081632653066
Nueva Ecija,2016-03-01,26.293437499999996
Nueva Ecija,2016-04-01,50.344
Nueva Ecija,2016-05-01,57.620000000000005
Occidental Mindoro,2014-09-01,47.73
Occidental Mindoro,2014-10-01,38.80500000000001
Occidental Mindoro,2014-11-01,38.47833333333333
Occidental Mindoro,2014-12-01,33.33
Occidental Mindoro,2015-06-01,1.428
Occidental Mindoro,2015-07-01,15.47125
Occidental Mindoro,2015-08-01,29.046249999999997
Occidental Mindoro,2015-09-01,27.557
Occidental Mindoro,2015-10-01,13.684444444444443
Occidental Mindoro,2015-11-01,8.9575
Occidental Mindoro,2015-12-01,12.58
Occidental Mindoro,2016-01-01,5.9025
Occidental Mindoro,2016-02-01,4.87
Occidental Mindoro,2016-03-01,12.605
Oriental Mindoro,2012-11-01,76.31666666666668
Oriental Mindoro,2014-08-01,30.56
Oriental Mindoro,2014-09-01,20.66235294117647
Oriental Mindoro,2014-10-01,26.871
Oriental Mindoro,2014-11-01,18.63315789473684
Oriental Mindoro,2014-12-01,10.41625
Oriental Mindoro,2015-02-01,12.2
Oriental Mindoro,2015-03-01,10.4
Oriental Mindoro,2015-06-01,14.509090909090913
Oriental Mindoro,2015-07-01,31.8759375
Oriental Mindoro,2015-08-01,29.30041666666666
Oriental Mindoro,2015-09-01,31.564333333333327
Oriental Mindoro,2015-10-01,29.333809523809524
Oriental Mindoro,2015-11-01,29.06421052631578
Oriental Mindoro,2015-12-01,25.61875
Oriental Mindoro,2016-01-01,20.916
Oriental Mindoro,2016-02-01,14.355714285714285
Oriental Mindoro,2016-03-01,21.374285714285712
Palawan,2014-09-01,19.05
Palawan,2014-10-01,61.60033333333333
Palawan,2014-11-01,52.70066666666666
Palawan,2014-12-01,40.95
Palawan,2015-01-01,34.034666666666666
Palawan,2015-02-01,34.75
Palawan,2015-03-01,50.0
Palawan,2015-04-01,61.857142857142854
Palawan,2015-05-01,62.5
Palawan,2015-06-01,42.98222222222222
Palawan,2015-07-01,37.527307692307694
Palawan,2015-08-01,18.493529411764705
Palawan,2015-09-01,45.60344827586207
Palawan,2015-10-01,37.3104
Palawan,2015-11-01,28.468518518518522
Palawan,2015-12-01,27.825600000000005
Palawan,2016-01-01,26.55090909090909
Palawan,2016-02-01,12.557142857142855
Palawan,2016-03-01,7.425
Pampanga,2013-01-01,25.0
Pampanga,2013-09-01,38.11
Pampanga,2013-10-01,27.965769230769226
Pampanga,2013-11-01,11.212121212121213
Pampanga,2013-12-01,17.6008
Pampanga,2014-01-01,11.030740740740741
Pampanga,2014-02-01,15.401153846153845
Pampanga,2014-03-01,6.634615384615385
Pampanga,2014-04-01,0.0
Pampanga,2014-05-01,0.0
Pampanga,2014-06-01,7.806
Pampanga,2014-07-01,15.591470588235298
Pampanga,2014-08-01,18.466428571428576
Pampanga,2014-09-01,21.52045454545455
Pampanga,2014-10-01,13.597317073170736
Pampanga,2014-11-01,10.968064516129031
Pampanga,2014-12-01,7.655
Pampanga,2015-01-01,9.096
Pampanga,2015-02-01,15.666666666666666
Pampanga,2015-03-01,11.571428571428571
Pampanga,2015-06-01,9.819444444444445
Pampanga,2015-07-01,17.829230769230772
Pampanga,2015-08-01,24.417692307692302
Pampanga,2015-09-01,20.8952
Pampanga,2015-10-01,10.356363636363637
Pampanga,2015-11-01,13.9925
Pampanga,2015-12-01,17.16125
Pampanga,2016-01-01,20.42222222222222
Pampanga,2016-02-01,25.546
Pampanga,2016-03-01,24.92
Pangasinan,2013-01-01,57.64
Pangasinan,2013-02-01,57.64
Pangasinan,2013-09-01,46.212500000000006
Pangasinan,2013-10-01,33.324999999999996
Pangasinan,2013-11-01,23.50695652173913
Pangasinan,2013-12-01,20.079206349206345
Pangasinan,2014-01-01,21.24947368421052
Pangasinan,2014-02-01,22.25206896551724
Pangasinan,2014-03-01,19.113999999999997
Pangasinan,2014-06-01,17.009333333333334
Pangasinan,2014-07-01,38.50454545454546
Pangasinan,2014-08-01,41.79537634408602
Pangasinan,2014-09-01,39.0817094017094
Pangasinan,2014-10-01,25.681339285714284
Pangasinan,2014-11-01,17.752500000000005
Pangasinan,2014-12-01,13.360638297872342
Pangasinan,2015-01-01,12.244166666666667
Pangasinan,2015-02-01,10.588947368421053
Pangasinan,2015-03-01,12.538461538461538
Pangasinan,2015-04-01,0.0
Pangasinan,2015-05-01,20.0
Pangasinan,2015-06-01,38.74636363636364
Pangasinan,2015-07-01,38.14854838709679
Pangasinan,2015-08-01,41.45778761061948
Pangasinan,2015-09-01,37.524538461538484
Pangasinan,2015-10-01,34.08237623762376
Pangasinan,2015-11-01,30.919139784946243
Pangasinan,2015-12-01,24.204594594594596
Pangasinan,2016-01-01,29.976746987951802
Pangasinan,2016-02-01,23.902037037037037
Pangasinan,2016-03-01,19.96855555555556
Pangasinan,2016-04-01,29.41
Pangasinan,2016-06-01,44.132666666666665
Pangasinan,2016-07-01,39.85057692307693
Pangasinan,2016-08-01,37.96769230769232
Pangasinan,2016-09-01,33.18924731182796
Pangasinan,2016-10-01,31.096049382716057
Pangasinan,2016-11-01,28.613103448275876
Pangasinan,2016-12-01,26.64268292682927
Pangasinan,2017-01-01,29.886923076923075
Pangasinan,2017-02-01,25.055609756097567
Pangasinan,2017-03-01,18.805151515151515
Pangasinan,2017-04-01,43.75
Pangasinan,2017-06-01,34.38
Pangasinan,2017-08-01,18.912
Pangasinan,2017-09-01,24.073333333333334
Quezon,2013-06-01,33.33
Quezon,2013-08-01,40.91
Quezon,2013-09-01,25.072
Quezon,2013-10-01,36.92826086956522
Quezon,2013-11-01,45.9772
Quezon,2013-12-01,43.81489361702128
Quezon,2014-01-01,45.70101449275363
Quezon,2014-02-01,51.33723076923078
Quezon,2014-03-01,53.19791666666668
Quezon,2014-04-01,58.33
Quezon,2014-06-01,40.49714285714286
Quezon,2014-07-01,32.14714285714286
Quezon,2014-08-01,32.8325
Quezon,2014-09-01,39.88337662337661
Quezon,2014-10-01,36.77574999999999
Quezon,2014-11-01,36.547125
Quezon,2014-12-01,32.15285714285714
Quezon,2015-01-01,29.26829268292683
Quezon,2015-02-01,25.619666666666667
Quezon,2015-03-01,48.5
Quezon,2015-06-01,22.105517241379303
Quezon,2015-07-01,30.968834951456305
Quezon,2015-08-01,32.18288888888888
Quezon,2015-09-01,31.502079207920797
Quezon,2015-10-01,31.991600000000016
Quezon,2015-11-01,30.012253521126766
Quezon,2015-12-01,31.1516923076923
Quezon,2016-01-01,35.34833333333333
Quezon,2016-02-01,29.88957446808511
Quezon,2016-03-01,21.989578947368422
Quezon,2016-07-01,22.22
Rizal,2013-01-01,37.5
Rizal,2013-03-01,31.43
Rizal,2013-07-01,5.0
Rizal,2013-09-01,56.25
Rizal,2013-10-01,38.25173913043478
Rizal,2013-11-01,35.468039215686275
Rizal,2013-12-01,34.21885714285714
Rizal,2014-01-01,26.695862068965514
Rizal,2014-02-01,26.194827586206905
Rizal,2014-03-01,25.905
Rizal,2014-06-01,42.31
Rizal,2014-07-01,30.1090909090909
Rizal,2014-08-01,26.289411764705882
Rizal,2014-09-01,24.546111111111113
Rizal,2014-10-01,18.541190476190476
Rizal,2014-11-01,21.02540540540541
Rizal,2014-12-01,18.388181818181817
Rizal,2015-01-01,25.744615384615386
Rizal,2015-02-01,15.625454545454545
Rizal,2015-03-01,14.666666666666666
Rizal,2015-06-01,18.75
Rizal,2015-07-01,15.904237288135592
Rizal,2015-08-01,20.512678571428577
Rizal,2015-09-01,18.520895522388063
Rizal,2015-10-01,18.33661016949153
Rizal,2015-11-01,17.056595744680852
Rizal,2015-12-01,15.209767441860462
Rizal,2016-01-01,18.288780487804875
Rizal,2016-02-01,19.1325
Rizal,2016-03-01,9.965294117647058
Rizal,2016-04-01,11.402
Rizal,2016-05-01,12.542
Rizal,2016-06-01,9.565
Rizal,2016-07-01,20.66333333333333
Romblon,2013-12-01,50.0
Romblon,2014-07-01,65.69999999999999
Romblon,2014-08-01,70.788
Romblon,2014-09-01,53.90916666666667
Romblon,2014-10-01,59.705714285714286
Romblon,2014-11-01,39.55285714285715
Romblon,2014-12-01,72.22333333333334
Romblon,2015-03-01,33.0
Romblon,2015-04-01,0.0
Romblon,2015-05-01,0.0
Romblon,2015-06-01,20.904000000000003
Romblon,2015-07-01,39.82222222222222
Romblon,2015-08-01,45.836875
Romblon,2015-09-01,46.345
Romblon,2015-10-01,34.74461538461538
Romblon,2015-11-01,43.79266666666667
Romblon,2015-12-01,36.18299999999999
Romblon,2016-01-01,44.83727272727273
Romblon,2016-02-01,38.22666666666667
Romblon,2016-03-01,50.1675
Romblon,2016-04-01,59.09
Samar,2014-07-01,56.0
Samar,2014-08-01,21.843333333333334
Samar,2014-09-01,24.762999999999998
Samar,2014-10-01,27.479999999999997
Samar,2014-11-01,17.75
Samar,2014-12-01,21.75
Samar,2015-01-01,5.666666666666667
Samar,2015-02-01,20.0
Samar,2015-06-01,17.855
Samar,2015-07-01,44.40888888888889
Samar,2015-08-01,37.83571428571429
Samar,2015-09-01,37.02444444444445
Samar,2015-10-01,37.8625
Samar,2015-11-01,18.224999999999998
Samar,2015-12-01,14.0
Samar,2016-01-01,0.0
Samar,2016-02-01,20.0
Samar,2016-03-01,10.0
Siquijor,2013-07-01,15.38
Siquijor,2013-12-01,50.0
Siquijor,2014-01-01,39.28666666666667
Siquijor,2014-02-01,34.1075
Siquijor,2014-03-01,50.0
Siquijor,2014-07-01,42.442499999999995
Siquijor,2014-08-01,64.58444444444444
Siquijor,2014-09-01,57.56666666666666
Siquijor,2014-10-01,37.1375
Siquijor,2014-11-01,40.8825
Siquijor,2015-01-01,39.333333333333336
Siquijor,2015-02-01,22.5
Siquijor,2015-03-01,36.5
Siquijor,2015-06-01,58.165000000000006
Siquijor,2015-07-01,90.64555555555555
Siquijor,2015-08-01,76.44000000000001
Siquijor,2015-09-01,80.74111111111111
Siquijor,2015-10-01,90.75714285714287
Siquijor,2015-11-01,81.955
Siquijor,2015-12-01,74.8325
Siquijor,2016-01-01,64.26666666666667
Siquijor,2016-02-01,70.89999999999999
Siquijor,2016-03-01,70.02399999999999
Sorsogon,2013-10-01,22.5
Sorsogon,2013-11-01,12.1
Sorsogon,2013-12-01,21.618333333333336
Sorsogon,2014-01-01,21.582
Sorsogon,2014-02-01,29.17875
Sorsogon,2014-03-01,28.349999999999998
Sorsogon,2014-07-01,3.07
Sorsogon,2014-08-01,10.549999999999999
Sorsogon,2014-09-01,25.025
Sorsogon,2014-10-01,39.508
Sorsogon,2014-11-01,27.802105263157895
Sorsogon,2014-12-01,21.88
Sorsogon,2015-01-01,28.229375
Sorsogon,2015-02-01,26.59956521739131
Sorsogon,2015-03-01,29.656923076923075
Sorsogon,2015-04-01,18.375
Sorsogon,2015-05-01,14.21
Sorsogon,2015-06-01,76.67
Sorsogon,2015-07-01,4.16
Sorsogon,2015-08-01,17.35769230769231
Sorsogon,2015-09-01,11.33222222222222
Sorsogon,2015-10-01,13.856666666666667
Sorsogon,2015-11-01,14.651999999999997
Sorsogon,2015-12-01,12.35
Sorsogon,2016-01-01,9.593636363636364
Sorsogon,2016-02-01,33.09206896551724
Sorsogon,2016-03-01,22.339444444444442
Sorsogon,2016-06-01,67.28666666666668
Sorsogon,2016-07-01,24.782
Sorsogon,2016-08-01,18.015882352941176
Sorsogon,2016-09-01,24.784999999999997
Sorsogon,2016-10-01,11.895
Sorsogon,2016-11-01,24.34478260869565
Sorsogon,2016-12-01,17.13866666666667
Sorsogon,2017-01-01,23.717272727272725
Sorsogon,2017-02-01,25.629
Sorsogon,2017-03-01,17.91
Sorsogon,2017-06-01,19.22714285714286
Sorsogon,2017-07-01,23.55576923076923
Sorsogon,2017-08-01,16.185714285714287
Sorsogon,2017-09-01,20.709999999999997
Sorsogon,2017-10-01,5.862
Sorsogon,2018-01-01,28.525000000000002
Sorsogon,2018-02-01,29.5
Sorsogon,2018-06-01,27.679999999999996
Sorsogon,2018-07-01,18.034444444444446
Sorsogon,2018-08-01,23.37842105263158
Sorsogon,2018-09-01,18.961
Sorsogon,2018-10-01,13.61
Southern Leyte,2013-10-01,25.0
Southern Leyte,2013-11-01,20.09625
Southern Leyte,2013-12-01,19.374444444444446
Southern Leyte,2014-01-01,24.4325
Southern Leyte,2014-02-01,28.662
Southern Leyte,2014-07-01,11.54
Southern Leyte,2014-08-01,5.56
Southern Leyte,2014-09-01,12.114
Southern Leyte,2014-10-01,11.266428571428573
Southern Leyte,2014-11-01,30.264545454545456
Southern Leyte,2014-12-01,35.23
Southern Leyte,2015-01-01,69.4
Southern Leyte,2015-02-01,43.142857142857146
Southern Leyte,2015-03-01,9.0
Southern Leyte,2015-06-01,13.886666666666667
Southern Leyte,2015-07-01,35.687222222222225
Southern Leyte,2015-08-01,33.66692307692308
Southern Leyte,2015-09-01,39.90529411764706
Southern Leyte,2015-10-01,43.4625
Southern Leyte,2015-11-01,27.775000000000002
Southern Leyte,2015-12-01,27.451999999999998
Southern Leyte,2016-01-01,26.281818181818174
Southern Leyte,2016-02-01,28.136666666666667
Southern Leyte,2016-03-01,20.355
Tarlac,2012-09-01,71.0
Tarlac,2014-01-01,20.236666666666668
Tarlac,2014-02-01,19.59888888888889
Tarlac,2014-03-01,0.0
Tarlac,2014-06-01,14.76142857142857
Tarlac,2014-07-01,32.63434782608696
Tarlac,2014-08-01,32.379090909090905
Tarlac,2014-09-01,25.118181818181817
Tarlac,2014-10-01,17.34875
Tarlac,2014-11-01,14.79416666666667
Tarlac,2014-12-01,1.665
Tarlac,2015-01-01,11.372
Tarlac,2015-02-01,10.5
Tarlac,2015-03-01,4.5
Tarlac,2015-06-01,18.064666666666668
Tarlac,2015-07-01,18.486410256410256
Tarlac,2015-08-01,13.544615384615382
Tarlac,2015-09-01,10.787142857142857
Tarlac,2015-10-01,14.644444444444439
Tarlac,2015-11-01,5.512692307692306
Tarlac,2015-12-01,5.612105263157895
Tarlac,2016-01-01,8.632777777777777
Tarlac,2016-02-01,7.867272727272728
Tarlac,2016-03-01,8.988571428571431
Tarlac,2016-04-01,16.67
Tarlac,2016-05-01,17.085
Tarlac,2016-06-01,18.18
Zambales,2013-10-01,23.301666666666666
Zambales,2013-11-01,7.348
Zambales,2013-12-01,9.51142857142857
Zambales,2014-01-01,10.579999999999998
Zambales,2014-02-01,4.566666666666666
Zambales,2014-06-01,0.0
Zambales,2014-07-01,14.561764705882354
Zambales,2014-08-01,25.886470588235294
Zambales,2014-09-01,27.83666666666667
Zambales,2014-10-01,19.400000000000002
Zambales,2014-11-01,12.859166666666667
Zambales,2014-12-01,11.84
Zambales,2015-01-01,6.5
Zambales,2015-02-01,10.0
Zambales,2015-03-01,6.0
Zambales,2015-06-01,16.69
Zambales,2015-07-01,29.98038461538462
Zambales,2015-08-01,34.45952380952381
Zambales,2015-09-01,37.10407407407407
Zambales,2015-10-01,37.85789473684211
Zambales,2015-11-01,34.94538461538461
Zambales,2015-12-01,25.542499999999997
Zambales,2016-01-01,32.29083333333333
Zambales,2016-02-01,36.159285714285716
Zambales,2016-03-01,44.128
Zamboanga Sibugay,2012-07-01,25.0
Zamboanga Sibugay,2013-07-01,50.0
Zamboanga Sibugay,2013-10-01,41.27
Zamboanga Sibugay,2014-01-01,43.648
Zamboanga Sibugay,2014-02-01,49.762499999999996
Zamboanga Sibugay,2014-03-01,38.42
Zamboanga Sibugay,2014-06-01,47.233333333333334
Zamboanga Sibugay,2014-07-01,53.909375000000004
Zamboanga Sibugay,2014-08-01,50.96555555555555
Zamboanga Sibugay,2014-09-01,73.08150000000002
Zamboanga Sibugay,2014-10-01,50.06062500000001
Zamboanga Sibugay,2014-11-01,42.44230769230769
Zamboanga Sibugay,2014-12-01,39.47777777777778
Zamboanga Sibugay,2015-01-01,39.35058823529412
Zamboanga Sibugay,2015-02-01,41.714285714285715
Zamboanga Sibugay,2015-03-01,54.25
Zamboanga Sibugay,2015-06-01,30.0775
Zamboanga Sibugay,2015-07-01,54.561578947368425
Zamboanga Sibugay,2015-08-01,59.18882352941176
Zamboanga Sibugay,2015-09-01,52.05315789473685
Zamboanga Sibugay,2015-10-01,46.87882352941176
Zamboanga Sibugay,2015-11-01,41.193333333333335
Zamboanga Sibugay,2015-12-01,48.959230769230764
Zamboanga Sibugay,2016-01-01,40.56399999999999
Zamboanga Sibugay,2016-02-01,37.405789473684216
Zamboanga Sibugay,2016-03-01,37.579523809523806
Zamboanga Sibugay,2016-04-01,37.795
Zamboanga Sibugay,2016-06-01,36.444
Zamboanga Sibugay,2016-07-01,56.55166666666667
Zamboanga Sibugay,2016-08-01,20.0
Zamboanga del Norte,2013-06-01,50.0
Zamboanga del Norte,2013-09-01,71.43
Zamboanga del Norte,2013-10-01,50.0
Zamboanga del Norte,2013-12-01,64.525
Zamboanga del Norte,2014-01-01,34.38666666666666
Zamboanga del Norte,2014-02-01,36.245000000000005
Zamboanga del Norte,2014-03-01,28.21
Zamboanga del Norte,2014-06-01,56.3425
Zamboanga del Norte,2014-07-01,60.10655172413794
Zamboanga del Norte,2014-08-01,52.71393939393939
Zamboanga del Norte,2014-09-01,40.77525
Zamboanga del Norte,2014-10-01,38.27742857142857
Zamboanga del Norte,2014-11-01,35.803076923076915
Zamboanga del Norte,2014-12-01,25.945333333333334
Zamboanga del Norte,2015-01-01,21.944285714285716
Zamboanga del Norte,2015-02-01,28.428571428571427
Zamboanga del Norte,2015-03-01,19.363333333333333
Zamboanga del Norte,2015-06-01,30.482499999999998
Zamboanga del Norte,2015-07-01,43.0948275862069
Zamboanga del Norte,2015-08-01,37.8474
Zamboanga del Norte,2015-09-01,35.26204081632653
Zamboanga del Norte,2015-10-01,33.06511627906978
Zamboanga del Norte,2015-11-01,31.057941176470596
Zamboanga del Norte,2015-12-01,28.827241379310344
Zamboanga del Norte,2016-01-01,23.38941176470588
Zamboanga del Norte,2016-02-01,20.61526315789473
Zamboanga del Norte,2016-03-01,12.158205128205129
Zamboanga del Norte,2016-06-01,7.145
Zamboanga del Norte,2016-07-01,5.3575
Zamboanga del Norte,2016-08-01,12.915
Zamboanga del Norte,2016-09-01,3.5725
Zamboanga del Sur,2013-09-01,50.0
Zamboanga del Sur,2014-01-01,67.0
Zamboanga del Sur,2014-02-01,40.0
Zamboanga del Sur,2014-06-01,46.99875
Zamboanga del Sur,2014-07-01,65.2889655172414
Zamboanga del Sur,2014-08-01,55.877931034482756
Zamboanga del Sur,2014-09-01,54.04088235294118
Zamboanga del Sur,2014-10-01,56.825
Zamboanga del Sur,2014-11-01,62.768125
Zamboanga del Sur,2014-12-01,61.84400000000001
Zamboanga del Sur,2015-01-01,55.59090909090909
Zamboanga del Sur,2015-02-01,38.85294117647059
Zamboanga del Sur,2015-03-01,34.60631578947368
Zamboanga del Sur,2015-06-01,68.75
Zamboanga del Sur,2015-07-01,44.0388
Zamboanga del Sur,2015-08-01,41.04382352941176
Zamboanga del Sur,2015-09-01,45.60184210526315
Zamboanga del Sur,2015-10-01,43.272352941176464
Zamboanga del Sur,2015-11-01,31.5275
Zamboanga del Sur,2015-12-01,39.166000000000004
Zamboanga del Sur,2016-01-01,34.99333333333333
Zamboanga del Sur,2016-02-01,29.85677419354839
Zamboanga del Sur,2016-03-01,13.978888888888887
Zamboanga del Sur,2016-06-01,19.875
Zamboanga del Sur,2016-07-01,52.379999999999995
Zamboanga del Sur,2016-11-01,22.62
Zamboanga del Sur,2017-01-01,10.715
